info.brochures.destination,info.brochures.hotel,info.brochures.tour.operator,info.travel.agent,info.tourist.centre,info.advertising.newspapers,info.travel.guides,info.friends.relatives,info.work.colleagues,info.radio,info.TV,info.internet,info.exhibitions,info.slide.nights,book.internet,book.phone,book.at.destination,book.travel.agent,book.other,book.someone.else,spendpppd,TV.channel
1,0,0,1,1,0,1,1,1,0,0,0,0,0,0,1,1,0,0,0,2,Pay TV
1,1,1,0,1,1,1,1,0,1,1,1,1,0,1,0,0,0,0,0,25,Channel 7 (National)
1,1,1,1,1,1,1,1,1,1,1,1,1,1,1,1,0,0,0,0,1.07142857142857,Channel 7 (National)
1,0,1,1,0,1,1,1,1,0,1,1,0,0,0,0,0,0,0,0,NA,Pay TV
1,1,1,1,0,1,1,1,1,0,1,1,0,0,0,0,0,0,1,0,33.3333333333333,Channel 9 (National)
0,0,0,0,1,1,1,1,1,0,1,1,0,0,1,1,0,0,0,0,750,ABC (National)
0,1,1,1,1,0,0,1,1,0,0,1,0,0,1,0,0,0,0,0,22.2222222222222,Channel 10 (National)
1,0,1,1,1,1,1,1,0,0,1,0,0,0,0,0,0,0,1,0,NA,Channel 7 (National)
1,0,0,0,1,1,1,1,0,0,1,1,1,0,0,1,0,0,0,0,45,Pay TV
1,0,0,0,1,0,1,1,1,0,1,1,0,0,1,0,0,0,1,0,13.8888888888889,Channel 9 (National)
1,1,1,1,1,1,1,1,0,0,1,1,0,0,0,1,0,0,0,0,83.3333333333333,Pay TV
1,1,1,1,1,1,1,1,1,1,1,1,1,0,1,1,0,0,0,0,125,Channel 7 (National)
1,1,1,1,1,1,1,1,1,1,1,1,1,0,0,0,0,1,0,0,17.8571428571429,ABC (National)
1,1,1,1,1,0,1,1,1,0,1,1,0,0,0,1,0,0,0,0,25,Regional programs on national channels
0,0,0,0,1,1,0,0,0,0,0,1,0,0,1,0,0,0,0,1,4.31818181818182,Channel 9 (National)
1,0,1,0,1,0,0,1,1,0,1,1,0,0,0,0,0,0,0,1,3.47222222222222,Pay TV
1,1,0,1,1,0,1,1,1,0,1,0,1,0,0,0,0,0,1,0,28.5714285714286,Channel 7 (National)
1,1,1,0,1,1,1,1,0,1,1,1,0,0,0,0,0,0,0,0,60.8333333333333,Pay TV
0,0,0,1,0,1,1,1,1,0,0,1,0,0,0,0,0,0,1,0,1.66666666666667,ABC (National)
1,0,1,1,0,0,0,1,1,1,1,1,0,0,0,0,0,1,0,0,41.6666666666667,Pay TV
0,1,0,1,0,0,1,1,0,0,0,1,0,0,0,0,0,0,1,0,33.3333333333333,Channel 10 (National)
0,0,0,0,0,0,0,0,0,0,0,1,0,0,1,0,1,1,1,0,16.6666666666667,Channel 10 (National)
1,1,1,1,1,0,0,1,1,0,0,1,0,0,1,1,0,0,0,0,81.25,Channel 10 (National)
1,0,0,0,0,0,1,1,0,0,1,1,1,0,0,1,0,0,0,0,62.5,Channel 7 (National)
0,0,0,0,0,1,1,1,1,0,1,1,0,0,1,0,0,0,0,0,37.5,Channel 10 (National)
0,0,0,1,1,1,1,1,1,0,1,1,0,0,0,0,0,1,0,0,166.666666666667,Regional programs on national channels
1,0,0,0,1,0,0,1,1,0,0,1,0,0,1,0,0,0,0,0,15,Pay TV
1,1,1,1,1,1,1,1,1,0,1,1,0,0,0,0,0,0,0,1,111.111111111111,Channel 9 (National)
0,0,0,0,1,0,0,0,0,0,0,1,0,0,1,0,0,0,0,0,150,Regional programs on national channels
1,0,0,0,0,0,1,1,1,0,0,0,0,0,0,0,0,0,0,0,16.6666666666667,Channel 7 (National)
1,1,1,1,1,0,1,1,1,0,1,1,0,0,0,0,0,0,1,0,62.5,Channel 10 (National)
1,1,1,1,1,1,1,1,0,1,0,1,0,0,1,1,0,1,0,0,71.4285714285714,Pay TV
1,1,1,1,1,1,1,1,1,0,1,1,0,0,1,0,0,0,0,0,12.5,Channel 9 (National)
0,0,0,0,0,0,0,1,1,0,1,1,0,0,0,1,0,0,0,0,4.59183673469388,Pay TV
0,0,0,1,0,0,1,1,0,0,0,0,0,0,0,0,0,0,1,0,2.5,Channel 9 (National)
0,0,0,0,0,0,0,1,1,0,1,1,0,0,1,1,0,0,0,0,37.5,Channel 9 (National)
1,1,0,1,1,1,1,1,0,1,1,1,1,0,1,1,1,0,0,0,33.3333333333333,Channel 7 (National)
1,1,1,1,1,1,1,1,0,0,1,1,1,0,1,0,0,0,0,0,100,Channel 7 (National)
1,1,1,1,1,1,1,1,1,0,1,1,0,0,0,0,0,0,1,0,30,NA
1,1,0,1,0,1,1,1,0,0,0,1,0,0,1,0,0,0,0,0,16.6666666666667,Channel 9 (National)
1,1,1,1,1,0,1,1,0,0,0,1,1,0,0,0,0,0,1,0,150,Pay TV
0,0,1,0,0,1,0,1,1,0,0,1,0,0,0,0,0,0,0,0,25,Other (please specify) 
1,1,0,0,1,1,1,1,0,0,1,1,1,0,1,1,0,0,0,0,142.857142857143,Channel 10 (National)
0,0,0,0,1,1,1,1,1,0,1,1,0,0,0,0,1,0,0,0,15.3333333333333,Channel 7 (National)
0,0,0,1,1,1,1,1,0,1,1,1,1,0,0,1,0,0,0,0,83.3333333333333,Channel 9 (National)
0,0,1,1,1,0,1,0,0,0,0,1,0,0,1,1,0,0,0,0,4.76190476190476,Channel 7 (National)
0,0,0,1,0,0,0,0,0,0,1,1,0,0,0,1,0,0,0,0,83.3333333333333,Channel 10 (National)
1,1,1,0,1,1,1,1,0,0,0,1,0,0,0,1,0,0,0,0,37.5,Channel 7 (National)
1,0,1,0,1,1,1,1,1,0,1,1,0,1,1,1,0,0,0,1,6.25,Channel 10 (National)
0,0,0,0,1,0,0,1,1,0,0,1,0,0,1,0,0,0,0,0,150,Pay TV
1,0,1,1,0,0,0,1,1,0,1,1,0,0,0,0,0,0,1,0,100,Pay TV
1,1,1,0,1,1,1,0,1,0,1,1,1,0,1,1,0,0,0,0,125,Channel 7 (National)
1,1,1,1,1,1,1,1,1,1,1,1,1,0,1,0,0,0,0,0,50,Channel 7 (National)
0,1,0,1,1,1,1,1,1,0,1,1,0,0,0,0,0,0,0,1,375,Channel 10 (National)
1,0,1,1,1,0,0,1,1,0,0,1,0,0,0,0,0,0,1,0,50,Channel 9 (National)
1,1,1,1,1,1,1,1,1,1,1,1,1,1,0,0,0,1,0,0,277.777777777778,Channel 10 (National)
1,0,0,0,0,1,1,1,1,0,1,1,0,0,0,1,0,0,0,0,150,Channel 7 (National)
1,1,1,1,1,0,1,1,0,0,1,1,0,0,1,0,0,0,0,0,180,ABC (National)
0,0,0,0,1,0,0,1,1,0,0,1,0,0,0,1,0,0,0,1,41.6666666666667,Channel 10 (National)
1,1,1,1,1,1,1,1,0,0,1,1,1,0,0,1,0,0,0,0,57.1428571428571,Channel 7 (National)
0,0,0,0,0,0,0,0,0,0,0,0,0,0,0,0,0,0,0,0,20.8333333333333,Channel 10 (National)
0,0,0,1,0,0,0,1,1,0,0,1,0,0,0,1,0,0,1,1,62.5,Pay TV
0,1,0,1,1,1,1,1,1,0,1,1,0,0,1,0,0,0,0,0,83.3333333333333,Regional programs on national channels
0,1,0,0,0,1,0,1,1,0,1,0,0,0,0,1,0,0,0,0,100,Channel 9 (National)
0,0,0,0,1,0,1,1,1,0,1,1,0,0,0,1,0,0,0,0,12.5,Channel 10 (National)
0,1,0,1,1,0,1,1,1,0,0,1,0,0,0,0,0,0,1,0,16.6666666666667,Channel 10 (National)
1,1,1,1,1,1,1,1,1,1,1,1,1,0,1,1,0,0,0,0,88.8888888888889,Channel 9 (National)
1,1,1,1,1,0,1,1,1,0,1,1,0,0,0,1,0,0,0,0,14.2857142857143,Channel 7 (National)
1,0,0,0,1,0,0,1,1,0,0,1,0,0,1,0,0,0,0,0,8.92857142857143,Pay TV
1,1,0,0,0,1,1,1,0,0,1,1,0,0,0,0,0,0,0,0,71.4285714285714,Channel 7 (National)
1,0,0,0,1,0,1,1,0,0,1,1,1,0,0,0,1,0,0,0,NA,ABC (National)
1,1,1,1,1,1,1,1,1,0,1,1,1,0,0,1,0,0,0,0,55,ABC (National)
1,1,1,1,1,1,1,1,1,1,1,1,1,0,1,0,0,0,0,0,62.5,Channel 10 (National)
1,1,1,1,1,1,1,1,0,1,1,1,1,0,0,1,0,0,0,0,71.4285714285714,Regional programs on national channels
0,1,0,0,0,1,0,1,1,1,1,1,1,0,1,1,0,0,0,0,50,Channel 7 (National)
1,1,1,1,0,1,1,1,0,0,1,1,1,0,0,0,0,0,0,1,25,Channel 9 (National)
1,0,0,0,1,0,0,1,1,0,0,1,1,0,1,0,0,0,0,0,112.5,ABC (National)
0,0,0,0,0,0,0,0,0,0,0,0,0,0,0,0,0,0,0,0,55.5555555555556,Channel 7 (National)
0,0,0,0,0,0,0,1,0,0,0,0,0,0,0,0,0,0,0,1,20,Pay TV
1,1,1,1,1,1,1,1,1,1,1,1,0,0,0,1,0,0,0,0,30,Channel 7 (National)
1,1,1,1,1,1,1,1,1,1,1,1,0,0,1,1,0,0,0,0,2.04081632653061,Channel 7 (National)
1,1,1,1,1,1,1,1,1,1,1,1,1,0,1,0,0,0,0,0,166.666666666667,Channel 9 (National)
1,0,0,0,1,0,1,1,0,0,0,1,0,0,1,1,0,0,0,0,44.6428571428571,Channel 7 (National)
1,1,1,1,0,0,1,1,1,0,1,1,0,0,0,0,0,1,0,0,55.5555555555556,Pay TV
0,0,0,0,1,1,0,0,1,0,1,1,0,0,0,1,0,0,0,0,154.583333333333,ABC (National)
1,0,0,0,0,0,0,0,0,0,0,1,0,0,1,0,0,0,0,0,100,Channel 7 (National)
0,0,0,0,1,1,1,1,1,0,1,1,0,0,0,0,0,1,0,0,66.6666666666667,Other (please specify) 
0,0,0,0,0,0,0,1,0,0,0,1,0,0,1,0,0,0,0,0,46.875,Pay TV
1,1,1,1,1,1,1,1,1,0,1,1,0,0,1,0,0,0,0,0,125,Pay TV
1,0,0,0,0,1,1,0,0,1,1,1,0,0,0,1,0,0,0,0,40,Channel 7 (National)
0,1,0,0,0,0,0,1,0,0,0,1,0,0,0,0,0,0,1,0,81.25,ABC (National)
1,0,0,1,1,1,0,1,0,0,1,1,0,0,0,0,0,0,1,0,10,Channel 7 (National)
0,0,1,1,0,1,1,0,0,0,1,1,0,0,0,0,0,1,0,0,60,ABC (National)
0,0,0,0,0,0,0,0,0,0,0,1,0,0,1,0,0,0,0,0,71.4285714285714,Channel 9 (National)
1,1,1,1,1,1,1,1,1,0,1,1,1,0,1,1,0,0,0,0,77.7777777777778,Channel 9 (National)
1,0,0,0,1,1,0,1,0,0,1,1,0,0,1,0,0,1,0,0,74.0740740740741,Pay TV
0,1,1,1,1,1,1,1,1,0,0,1,1,0,1,0,0,0,0,0,7.14285714285714,Pay TV
1,1,1,1,1,1,1,1,1,0,1,1,1,0,1,1,0,0,0,0,138.888888888889,ABC (National)
1,0,0,0,1,1,1,0,0,0,0,1,0,0,1,0,0,0,0,0,25,ABC (National)
0,0,0,1,1,1,0,0,0,0,0,1,0,0,1,0,0,1,0,0,22.2222222222222,Channel 7 (National)
1,1,1,1,1,0,1,1,0,0,0,1,0,0,1,1,0,0,0,0,55.5555555555556,SBS (National)
0,1,0,0,0,1,0,1,1,0,1,1,0,0,0,0,0,0,0,0,3.57142857142857,Channel 7 (National)
1,0,0,0,0,0,0,1,0,0,1,1,0,0,0,0,0,0,0,0,33.3333333333333,Channel 7 (National)
0,0,1,1,0,0,0,0,0,0,0,1,0,0,1,1,0,0,0,0,7.14285714285714,Regional programs on national channels
1,1,0,0,1,1,0,1,0,0,0,1,0,0,0,1,0,0,0,0,75,Channel 10 (National)
1,1,0,1,0,0,1,1,1,0,0,1,0,0,1,1,0,1,0,0,62.5,Channel 10 (National)
1,0,0,0,1,0,0,1,1,0,1,1,0,0,1,0,0,0,0,0,25,Channel 7 (National)
1,1,1,1,1,1,1,1,1,1,1,1,1,0,1,0,1,0,0,0,75,Regional programs on national channels
1,0,1,1,1,0,1,1,1,0,1,1,0,0,1,1,0,0,0,0,100,Channel 9 (National)
0,0,0,0,0,0,0,1,0,0,1,1,0,0,1,0,0,0,0,0,166.666666666667,ABC (National)
0,0,0,0,0,0,0,0,0,0,0,0,0,0,0,0,0,0,0,0,6.66666666666667,NA
1,0,1,1,1,1,1,0,0,0,1,1,0,0,0,0,0,0,0,0,16.25,ABC (National)
1,1,1,1,1,1,1,1,1,1,1,1,1,1,1,1,1,1,1,1,3.57142857142857,Channel 10 (National)
1,1,0,0,0,1,1,1,1,0,1,1,0,0,1,0,0,0,0,0,100,Pay TV
1,1,1,1,1,1,1,1,1,0,1,1,1,0,0,0,0,1,0,1,50,Pay TV
1,0,1,1,0,0,1,1,0,0,1,1,1,0,1,1,0,0,0,0,116.666666666667,Channel 10 (National)
0,0,0,0,0,0,0,1,0,0,1,1,0,0,0,1,0,0,0,0,3.57142857142857,Channel 7 (National)
0,1,0,0,1,1,0,1,1,1,1,1,0,0,0,1,0,0,0,0,83.3333333333333,ABC (National)
0,0,0,0,0,0,0,0,0,0,0,0,0,0,0,0,0,0,1,0,10.7142857142857,ABC (National)
1,1,1,1,1,1,1,1,0,1,1,1,0,0,0,0,0,0,0,0,35.7142857142857,Pay TV
1,1,1,1,1,1,1,1,1,1,1,1,1,0,0,0,0,1,0,0,100,Channel 7 (National)
1,0,0,1,0,1,0,1,1,0,1,1,0,0,0,1,0,0,0,0,25,ABC (National)
0,0,0,1,0,1,0,1,1,1,1,1,0,0,1,1,0,0,0,0,62.5,Regional programs on national channels
1,0,1,1,1,1,1,1,1,0,1,1,1,0,1,1,0,1,0,0,147.058823529412,Channel 9 (National)
1,1,1,1,1,1,1,1,0,0,1,1,1,0,1,0,0,0,0,0,50,Channel 7 (National)
0,1,0,1,0,1,0,1,1,1,1,1,0,0,0,0,0,0,0,0,250,Channel 10 (National)
1,0,0,1,0,0,1,1,1,0,1,1,0,0,0,0,0,0,1,0,62.5,Channel 7 (National)
0,0,0,1,1,0,0,1,1,0,0,1,0,0,0,1,0,0,0,0,41.6666666666667,ABC (National)
1,1,0,0,1,0,0,1,1,0,1,1,0,1,0,1,0,0,0,0,50,Pay TV
1,0,0,1,1,1,1,1,0,0,0,1,0,0,0,0,0,0,0,0,16.6666666666667,Channel 7 (National)
1,0,0,1,0,1,1,0,0,0,1,1,0,0,1,0,0,0,0,0,62.5,Channel 9 (National)
1,1,1,1,1,1,1,1,0,0,0,1,0,0,1,1,0,0,0,0,100,Pay TV
1,1,1,0,0,1,1,0,0,0,1,1,0,0,0,1,0,0,0,0,50,ABC (National)
1,0,0,1,1,0,1,1,0,0,1,1,0,0,1,0,0,0,0,0,85.7142857142857,Channel 7 (National)
1,0,0,1,1,1,1,1,0,0,0,1,0,0,1,1,0,0,0,0,277.777777777778,Channel 7 (National)
1,1,0,1,1,1,1,1,1,0,0,1,1,0,1,1,0,0,0,0,333.333333333333,Other (please specify) 
1,0,0,0,0,1,1,1,0,0,1,1,0,0,1,0,0,0,0,0,62.5,Channel 9 (National)
0,0,0,0,0,0,0,1,1,0,1,1,0,0,1,0,0,0,0,0,41.6666666666667,Channel 7 (National)
0,1,0,1,0,1,1,1,0,0,1,1,0,0,1,0,0,0,0,0,125,Channel 10 (National)
1,0,0,0,0,1,0,0,0,0,1,1,0,0,1,0,0,0,0,0,50,Channel 9 (National)
1,1,0,1,0,0,0,1,1,0,0,1,0,0,0,1,0,0,0,1,75,Channel 10 (National)
1,1,0,1,1,1,0,1,1,1,1,1,1,0,0,1,0,0,0,0,16.6666666666667,Channel 9 (National)
0,0,0,0,0,1,0,1,1,0,0,1,0,0,0,0,0,0,1,0,12.5,Pay TV
0,0,0,1,0,1,0,1,0,1,1,1,0,0,1,0,0,1,0,0,178.571428571429,Channel 9 (National)
1,1,0,1,1,1,1,1,0,1,1,1,1,0,0,0,0,0,1,0,11.1111111111111,Channel 10 (National)
0,0,0,0,1,0,1,1,0,0,1,1,0,0,0,1,1,0,0,0,30,Channel 10 (National)
1,1,0,1,1,0,1,0,0,0,1,1,0,0,1,1,0,0,0,0,190.47619047619,Pay TV
0,0,1,0,0,0,0,1,0,0,1,1,0,0,0,1,0,0,0,0,75,Channel 9 (National)
1,1,1,1,1,1,1,1,1,1,1,1,1,1,0,0,0,0,1,0,42.8571428571429,Channel 10 (National)
1,1,0,0,1,1,0,1,0,0,1,1,0,0,1,0,0,0,0,0,31.25,Channel 7 (National)
1,1,0,0,1,1,0,1,1,1,1,1,0,0,0,0,0,0,1,0,32,Channel 9 (National)
1,0,0,0,0,0,1,1,0,0,0,0,0,0,0,0,0,0,0,1,0.0666666666666667,Channel 7 (National)
0,0,0,0,0,0,0,1,0,0,1,0,0,0,1,0,0,0,0,0,55.5555555555556,SBS (National)
1,0,0,0,0,1,1,1,1,0,1,1,0,0,1,0,0,0,0,0,31.25,Channel 7 (National)
1,1,1,1,1,1,1,1,1,0,1,1,0,0,1,1,0,0,0,0,75,ABC (National)
1,0,1,1,1,0,1,1,0,0,0,1,0,0,0,0,0,0,1,0,35.7142857142857,Channel 7 (National)
1,1,1,1,1,1,1,1,1,0,1,1,1,0,1,1,0,0,0,0,75,Channel 7 (National)
1,0,0,1,1,0,1,1,1,0,0,1,1,0,0,0,0,0,1,0,44.4444444444444,ABC (National)
0,1,0,0,0,0,1,1,1,0,0,1,0,0,0,0,0,0,0,1,10.4166666666667,Pay TV
0,0,1,1,0,1,0,0,0,0,0,1,1,0,1,1,0,0,0,0,8.33333333333333,Channel 9 (National)
1,1,1,1,1,1,0,1,1,0,1,1,0,0,0,0,0,0,1,0,30,Channel 9 (National)
1,0,0,0,0,1,1,1,1,1,1,1,1,0,0,0,0,0,1,0,33.3333333333333,Channel 7 (National)
1,1,0,0,1,1,1,1,1,0,1,1,0,0,0,1,0,0,0,0,60,Channel 10 (National)
1,1,1,1,1,1,1,0,0,0,0,1,0,0,1,1,0,0,0,0,50,Channel 9 (National)
0,0,0,1,0,0,1,1,0,0,0,1,0,0,0,0,0,0,0,1,5.55555555555556,Channel 10 (National)
1,0,0,0,0,1,1,1,1,1,0,1,0,0,1,0,0,0,0,0,125,ABC (National)
1,0,0,0,0,1,0,0,0,0,1,1,0,0,0,0,1,0,0,0,166.666666666667,ABC (National)
1,0,0,0,0,0,1,0,0,1,1,1,0,0,0,0,0,0,0,0,7.14285714285714,Pay TV
0,0,0,1,1,1,1,0,0,0,1,1,0,0,1,0,0,0,0,0,15,Channel 7 (National)
0,0,0,0,0,0,0,1,0,0,0,1,0,0,1,0,0,0,0,0,71.4285714285714,Channel 7 (National)
1,0,0,0,1,1,1,0,0,0,0,1,0,0,0,1,0,0,0,0,75,Other (please specify) 
1,0,1,1,1,1,1,1,0,0,1,1,1,0,1,0,0,0,0,0,62.5,Channel 10 (National)
1,1,1,1,1,1,1,1,1,0,1,1,0,0,1,0,1,0,0,0,83.3333333333333,Channel 9 (National)
1,1,0,1,1,1,1,1,1,0,1,1,1,0,1,0,0,0,0,0,150,Channel 9 (National)
1,1,1,0,0,1,1,0,1,0,1,1,0,0,0,0,0,0,1,0,166.666666666667,Channel 7 (National)
0,1,1,1,1,1,1,1,0,0,1,1,0,0,0,0,0,0,0,1,125,ABC (National)
0,0,0,0,1,0,0,1,0,1,0,0,0,0,1,0,0,0,0,0,12.5,Channel 7 (National)
1,1,1,1,1,1,0,1,1,1,1,1,1,0,1,1,1,0,1,1,34.375,Regional programs on national channels
0,0,0,0,0,1,1,1,1,0,1,1,0,0,0,0,0,0,1,0,13.8888888888889,Channel 7 (National)
1,1,1,1,1,1,1,1,1,0,1,1,1,0,1,0,0,0,0,0,366.666666666667,Regional programs on national channels
1,0,1,1,1,1,1,1,1,0,1,1,1,0,0,0,0,0,1,1,0.6,Channel 10 (National)
1,1,1,1,1,1,1,1,1,1,1,1,1,0,0,0,0,0,1,0,35.7142857142857,Pay TV
0,0,0,0,0,1,0,1,1,0,0,0,0,0,0,0,0,1,0,0,200,NA
1,0,1,1,0,0,0,1,0,0,0,1,0,0,0,0,0,0,1,0,11.4285714285714,Pay TV
1,1,0,0,1,1,1,0,0,1,1,1,0,0,0,0,0,0,0,1,11.1111111111111,Channel 7 (National)
1,1,1,1,0,1,1,1,1,0,1,1,0,0,1,0,0,0,0,0,266.666666666667,Pay TV
1,0,0,0,1,0,0,1,1,0,1,1,1,0,0,0,1,0,0,0,16.6666666666667,Regional programs on national channels
1,0,1,1,1,1,1,1,0,0,1,1,1,0,1,0,0,1,0,0,125,ABC (National)
0,0,0,0,0,0,0,1,0,0,0,0,0,0,0,0,0,0,0,0,7.14285714285714,Pay TV
1,0,0,0,1,0,1,1,0,0,1,1,0,0,0,0,0,0,0,0,10,Channel 9 (National)
1,0,1,1,1,1,1,1,0,1,1,1,1,0,0,0,1,0,0,0,11.4285714285714,Channel 9 (National)
0,0,0,1,0,0,0,1,0,0,1,1,0,0,0,1,0,0,0,0,75,Regional programs on national channels
0,0,0,0,0,1,1,1,1,0,1,1,0,0,1,1,0,0,0,0,23.8095238095238,Channel 10 (National)
1,0,0,0,1,0,1,0,0,0,0,0,0,0,0,1,0,0,0,0,55.5555555555556,ABC (National)
1,1,0,1,0,1,0,1,1,1,1,0,1,0,0,0,0,0,0,1,62.5,Channel 7 (National)
1,1,1,1,1,1,1,1,1,1,1,1,1,0,0,1,0,0,0,0,55.5555555555556,Channel 9 (National)
1,0,1,0,1,1,1,1,0,0,1,1,1,0,1,0,0,0,0,0,90,SBS (National)
1,0,0,1,1,1,1,1,0,0,0,1,0,0,1,0,0,0,0,0,30.6122448979592,Channel 7 (National)
0,1,1,1,1,0,1,1,1,1,1,1,1,0,1,0,0,0,0,0,41.6666666666667,Channel 10 (National)
1,1,1,1,1,1,1,1,1,1,1,1,1,1,0,0,0,0,1,0,7.5,Channel 7 (National)
1,0,1,1,1,1,1,0,0,0,1,1,0,0,0,0,0,0,0,0,NA,Channel 7 (National)
0,1,1,1,1,0,0,1,1,0,1,1,1,0,0,1,0,0,0,0,625,SBS (National)
0,0,0,0,1,0,1,1,1,0,0,1,0,1,0,1,0,0,0,0,41.6666666666667,ABC (National)
0,0,0,0,0,1,0,1,0,1,1,1,0,0,0,0,1,0,0,0,20,Channel 7 (National)
0,0,1,1,0,0,1,1,0,0,1,1,0,0,1,0,0,0,0,0,100,Pay TV
1,1,0,1,1,1,1,0,0,0,1,1,0,0,0,0,0,0,1,0,30,Channel 7 (National)
1,0,0,0,1,1,1,1,1,0,1,1,0,0,0,1,0,0,0,0,62.5,ABC (National)
1,1,1,1,1,1,1,1,1,0,1,1,1,0,0,0,0,0,1,0,41.6666666666667,Channel 7 (National)
1,1,0,1,1,1,0,1,1,1,1,1,0,0,1,1,0,0,0,0,31.25,Pay TV
1,1,1,1,0,1,1,1,1,0,0,1,0,0,0,0,0,0,0,1,12.5,Pay TV
1,1,0,0,1,0,0,1,0,0,0,1,0,0,1,1,0,0,0,0,190.47619047619,ABC (National)
0,0,0,0,1,1,1,1,1,0,1,1,1,0,0,0,0,0,1,0,66.6666666666667,ABC (National)
1,1,1,1,1,1,1,1,1,1,1,1,0,0,0,1,0,0,0,0,6.66666666666667,Pay TV
1,1,0,1,1,1,1,1,1,0,1,1,1,0,0,0,0,1,0,0,333.333333333333,Pay TV
0,0,1,1,0,0,1,0,0,0,0,1,0,0,1,0,0,0,0,0,31.25,ABC (National)
0,1,0,1,1,0,1,1,0,0,1,1,1,0,0,1,1,0,0,0,250,Channel 7 (National)
0,0,0,0,0,0,0,1,0,1,1,1,0,0,0,1,0,0,0,0,5.35714285714286,Regional programs on national channels
0,0,0,1,0,1,0,0,0,0,1,1,0,0,1,0,0,0,0,0,66.6666666666667,Pay TV
1,1,0,0,1,1,0,1,1,0,0,1,0,0,1,1,0,0,0,0,41.6666666666667,Channel 10 (National)
0,0,0,0,0,0,1,1,1,0,1,1,0,0,1,1,0,0,0,0,87.5,Channel 9 (National)
1,1,0,0,0,1,0,1,1,1,1,1,0,0,0,0,0,0,1,0,5,Channel 10 (National)
0,0,1,1,0,0,1,0,0,0,0,1,0,0,1,0,0,0,0,0,166.666666666667,Channel 7 (National)
1,1,1,0,0,1,1,1,1,0,1,1,0,0,0,0,1,1,0,1,5.35714285714286,Channel 10 (National)
1,1,0,1,1,1,1,1,0,0,1,1,0,0,0,0,0,0,1,0,5,ABC (National)
1,1,1,1,1,1,1,1,0,0,1,1,0,0,0,1,0,0,0,0,7.14285714285714,Channel 10 (National)
1,0,0,1,0,1,1,1,1,0,0,0,0,0,0,1,0,0,0,0,10,ABC (National)
1,0,0,0,1,0,1,1,0,1,0,1,1,0,0,1,0,0,0,0,40,ABC (National)
1,1,0,0,1,1,0,1,1,1,1,1,0,0,1,1,0,1,0,0,30,Channel 9 (National)
1,1,1,1,1,1,1,1,1,1,1,1,0,1,1,1,0,0,0,0,125,Pay TV
0,1,0,0,1,0,1,1,0,0,0,1,0,0,1,1,0,0,0,0,33.3333333333333,Channel 7 (National)
0,0,0,0,1,0,1,1,0,0,0,1,1,0,0,0,0,0,0,0,2.5,ABC (National)
0,0,0,0,0,0,1,1,0,0,1,1,0,0,1,0,0,0,0,0,140,Channel 7 (National)
0,0,0,0,0,0,0,0,0,0,0,0,0,0,1,0,0,0,0,0,13.6363636363636,Regional programs on national channels
0,0,0,0,0,0,0,1,0,0,1,0,0,0,0,1,0,0,0,0,58.3333333333333,Channel 10 (National)
0,0,0,1,1,0,1,0,0,0,0,1,1,0,1,0,0,0,0,0,66.6666666666667,Pay TV
1,0,0,0,0,1,0,1,1,0,1,1,0,0,1,0,0,0,0,0,50,Channel 9 (National)
1,0,0,0,1,0,0,1,1,1,1,1,0,0,0,1,1,0,1,0,3.7037037037037,ABC (National)
1,0,0,1,1,1,1,1,1,0,1,1,0,0,0,1,0,0,0,0,53.5714285714286,Channel 7 (National)
0,0,0,0,0,0,0,1,0,0,0,0,0,0,0,0,0,0,1,0,41.6666666666667,Pay TV
1,1,0,0,1,1,1,1,0,1,1,1,0,0,0,1,0,0,0,0,22.7272727272727,Channel 7 (National)
1,1,1,1,1,1,1,1,1,0,1,1,1,1,1,1,0,0,0,0,137.5,Channel 9 (National)
1,1,0,1,0,1,0,1,1,0,1,1,0,0,1,1,0,0,0,0,50,Pay TV
0,0,0,0,1,0,1,0,1,0,1,1,0,0,0,0,0,0,0,0,13.3333333333333,Other (please specify) 
1,0,1,1,1,1,0,1,1,0,1,1,0,0,1,0,1,0,0,0,9.52380952380952,ABC (National)
1,1,0,1,1,1,1,1,1,0,1,1,0,0,1,1,0,0,0,0,133.333333333333,ABC (National)
0,1,1,1,1,1,1,1,0,0,1,1,0,0,0,1,0,1,0,0,142.857142857143,Pay TV
1,0,0,0,0,0,0,1,1,0,0,1,0,0,1,0,0,0,0,0,100,Channel 7 (National)
1,1,1,0,1,0,1,1,1,0,0,1,1,0,1,0,0,0,0,0,40,Channel 10 (National)
0,1,0,1,1,1,1,1,0,0,1,1,0,0,1,0,0,0,0,0,21.4285714285714,Channel 10 (National)
1,1,1,1,1,1,1,1,1,1,1,1,1,1,0,0,0,0,1,0,50,Other (please specify) 
0,1,0,1,1,0,0,1,0,0,0,1,0,0,1,1,0,1,0,0,125,Pay TV
1,1,1,1,1,0,1,1,0,0,0,1,1,0,0,0,0,0,0,0,214.285714285714,ABC (National)
1,0,1,1,0,1,1,1,1,0,1,1,0,0,1,1,0,0,0,0,142.857142857143,Channel 7 (National)
1,0,0,1,1,0,0,1,1,1,1,1,0,0,0,0,1,0,0,0,40,SBS (National)
1,1,1,0,1,0,0,1,1,0,1,1,0,0,0,0,0,0,1,0,20,Pay TV
1,0,1,1,0,1,1,1,1,0,1,1,0,0,1,0,0,0,0,0,100,Regional programs on national channels
0,0,0,1,0,1,0,1,0,0,0,1,0,0,1,0,0,1,0,0,2.14285714285714,Channel 7 (National)
1,0,1,1,0,1,0,0,0,0,0,1,0,0,1,0,0,0,0,0,75,Pay TV
1,0,0,0,0,0,0,1,0,0,1,0,0,0,0,1,0,0,0,0,64.1025641025641,Channel 9 (National)
0,0,0,0,1,1,1,1,0,0,1,1,0,0,0,0,0,1,0,0,93.75,ABC (National)
0,1,0,0,1,1,1,1,1,0,1,1,0,0,1,0,0,0,0,0,50,Channel 7 (National)
1,0,0,1,1,0,0,1,0,0,1,1,0,0,1,0,0,0,0,0,13.3333333333333,Pay TV
1,1,0,1,1,1,1,1,1,0,1,1,0,0,0,0,1,0,0,0,83.3333333333333,Channel 7 (National)
1,1,1,1,0,1,0,1,0,0,1,1,1,0,1,1,0,0,0,0,125,Channel 7 (National)
1,1,0,1,0,1,1,1,1,1,1,1,1,0,0,0,0,0,1,0,13.6363636363636,Channel 7 (National)
1,0,0,0,1,1,1,0,1,0,1,1,0,0,1,0,0,0,0,0,142.857142857143,Channel 10 (National)
0,0,0,1,0,1,1,1,1,0,1,1,1,0,0,1,1,0,0,0,166.666666666667,Channel 9 (National)
1,1,1,1,1,0,1,1,1,1,1,1,0,0,0,1,0,0,1,0,25,Pay TV
1,1,0,1,1,1,1,1,0,0,1,1,0,0,1,0,0,0,0,0,166.666666666667,Channel 9 (National)
1,0,0,1,1,1,1,1,0,0,1,1,1,1,1,0,0,0,0,0,28.5714285714286,Regional programs on national channels
1,1,1,0,1,1,1,1,1,0,1,1,1,0,0,0,0,0,1,0,42.8571428571429,Channel 9 (National)
1,0,0,0,0,0,0,1,1,1,1,0,1,1,0,1,0,1,1,0,16.6666666666667,Channel 7 (National)
1,1,0,1,1,1,1,1,0,0,1,1,0,0,1,0,0,0,0,0,125,Channel 7 (National)
1,1,0,0,1,0,1,0,0,0,0,1,0,0,0,1,0,0,0,0,200,ABC (National)
1,1,0,1,1,0,1,1,1,0,0,1,0,0,1,0,0,0,0,0,8.33333333333333,Channel 10 (National)
0,0,0,0,0,1,0,1,1,0,1,1,1,0,0,0,0,0,1,0,31.25,Pay TV
1,0,0,1,0,0,1,1,0,0,0,1,0,0,0,0,0,0,0,0,13.3333333333333,Pay TV
1,0,0,0,1,1,1,1,0,0,1,1,1,0,0,0,0,0,0,0,25,Channel 9 (National)
1,1,1,1,1,1,1,1,1,1,1,1,1,0,0,0,0,0,0,1,20.8333333333333,ABC (National)
1,1,0,1,1,0,1,1,1,0,0,1,0,0,0,0,0,0,0,0,60,Pay TV
0,0,1,1,0,1,1,1,1,0,1,0,1,1,1,0,0,1,0,1,50,Channel 9 (National)
1,1,0,0,1,1,1,1,1,0,1,1,0,0,1,0,0,0,0,0,16.6666666666667,Channel 7 (National)
1,0,1,1,1,1,1,1,1,0,1,1,1,0,1,0,0,0,0,0,7.14285714285714,ABC (National)
1,0,1,1,1,1,1,1,1,0,1,1,1,0,0,0,0,0,0,0,100,Channel 7 (National)
0,0,0,0,1,0,0,0,0,0,0,1,0,0,1,0,0,0,0,0,4.41176470588235,Channel 7 (National)
1,0,0,0,1,0,0,1,1,0,0,1,1,0,0,1,0,0,0,0,25,ABC (National)
1,1,1,1,1,1,1,1,1,0,0,1,0,0,1,0,0,0,0,0,42.8571428571429,Channel 9 (National)
1,0,0,0,0,1,1,1,1,0,1,1,0,0,0,1,0,0,0,1,4.44444444444444,Channel 7 (National)
1,0,0,0,1,1,1,1,0,0,0,1,0,0,0,0,1,0,0,0,20,ABC (National)
1,0,0,1,1,1,0,1,1,0,1,1,0,0,1,1,0,0,0,0,83.3333333333333,Channel 7 (National)
0,0,0,1,0,0,0,1,1,0,1,1,0,0,0,0,0,0,1,0,12.5,Channel 7 (National)
1,0,0,0,0,0,0,1,0,1,1,1,0,0,1,1,0,0,0,0,11.9047619047619,Channel 10 (National)
0,0,1,0,1,0,1,1,1,0,1,1,0,0,1,1,0,0,0,0,45.4545454545455,NA
0,0,0,1,1,0,0,1,0,0,0,1,0,0,1,0,0,0,0,0,62.5,Channel 10 (National)
1,0,0,1,1,0,1,1,1,0,0,1,0,0,0,0,0,0,0,1,4.16666666666667,Other (please specify) 
0,0,0,0,0,1,0,0,0,0,1,1,0,0,0,1,0,0,0,0,125,Channel 7 (National)
1,0,0,0,0,1,1,0,0,0,1,1,0,0,0,1,0,0,0,0,53.3333333333333,Channel 9 (National)
0,0,0,1,0,1,1,1,1,0,1,0,1,0,0,0,0,1,0,0,187.5,Channel 7 (National)
1,0,0,0,0,0,0,1,1,0,1,1,0,0,1,0,0,0,0,0,7.40740740740741,Pay TV
1,0,1,1,1,1,1,1,1,0,1,1,1,0,1,0,0,0,0,0,128.571428571429,Channel 7 (National)
1,1,1,1,1,1,1,1,1,1,1,1,1,1,1,1,0,0,0,0,100,Channel 7 (National)
0,1,0,0,0,1,1,1,0,0,1,1,0,0,1,0,0,0,0,0,141.666666666667,Channel 9 (National)
1,0,1,1,1,1,1,1,0,0,1,1,1,0,0,0,1,0,0,0,8.92857142857143,Pay TV
0,0,1,1,1,1,0,1,1,0,0,1,0,0,0,1,0,0,0,1,3,Channel 10 (National)
1,1,1,1,1,1,1,1,1,1,1,1,0,0,1,1,0,0,0,0,62.5,Channel 9 (National)
1,1,1,1,1,1,1,1,1,1,1,1,0,0,0,0,0,1,0,0,187.5,Channel 10 (National)
1,1,1,1,0,0,1,1,0,0,1,1,0,0,0,1,0,0,0,0,200,Channel 7 (National)
0,0,0,1,1,0,1,0,0,0,1,1,1,0,1,0,0,0,0,0,83.3333333333333,Channel 7 (National)
0,0,0,0,0,0,0,1,1,0,1,1,1,0,1,1,0,0,0,0,100,Channel 7 (National)
1,0,1,1,1,1,1,1,0,0,1,1,0,0,0,1,0,1,0,0,175,Channel 9 (National)
1,1,0,1,0,0,1,1,1,0,0,1,0,0,0,1,0,0,0,0,37.5,Pay TV
0,0,0,1,1,0,1,1,1,0,1,1,0,0,0,0,0,0,1,0,62.5,Channel 10 (National)
0,0,0,1,0,0,0,1,1,1,1,1,0,0,1,0,0,0,0,0,41.6666666666667,Channel 7 (National)
1,0,0,0,0,0,1,1,1,1,1,1,0,0,1,0,0,0,0,0,133.333333333333,Regional programs on national channels
1,1,0,0,1,0,1,1,1,0,0,1,0,0,0,1,0,0,0,0,29.1666666666667,ABC (National)
1,1,1,1,1,1,1,1,1,1,1,1,0,0,0,0,0,0,1,0,71.4285714285714,Channel 9 (National)
0,0,0,1,0,0,0,1,1,0,1,1,0,0,0,1,0,0,0,0,33.3333333333333,Channel 10 (National)
0,1,0,0,1,0,1,1,1,0,1,1,0,0,1,0,0,0,0,0,107.142857142857,Pay TV
0,0,0,1,0,1,0,1,1,0,1,1,0,0,0,1,0,0,0,0,150,ABC (National)
1,0,0,1,0,1,1,1,0,0,1,1,0,0,0,0,0,0,1,0,100,Channel 7 (National)
1,0,0,1,0,0,1,1,0,0,1,1,0,0,0,1,0,0,0,0,250,Pay TV
1,1,0,0,1,0,1,1,0,0,0,1,0,0,0,0,0,0,1,0,44.4444444444444,Channel 10 (National)
0,0,0,0,1,0,1,1,0,0,0,1,0,0,1,0,0,0,0,0,50,Channel 9 (National)
1,1,1,1,1,1,1,1,1,1,1,1,1,0,0,1,1,0,0,0,50,ABC (National)
1,0,1,1,0,0,1,0,0,0,1,1,0,0,1,1,0,0,0,0,214.285714285714,Channel 7 (National)
0,0,0,0,0,0,0,0,0,0,0,1,0,0,1,0,0,0,0,0,37.5,Channel 7 (National)
1,0,0,1,0,1,0,1,1,0,1,1,0,0,0,0,0,0,1,0,0.0324675324675325,Channel 9 (National)
1,0,0,1,1,0,1,1,0,0,0,1,0,0,0,1,0,0,0,0,8,SBS (National)
1,1,1,1,1,1,1,1,1,1,1,1,1,0,1,0,0,0,1,0,285.714285714286,SBS (National)
1,0,0,0,1,0,1,0,0,0,1,1,1,0,0,0,1,0,0,0,NA,Other (please specify) 
1,1,1,1,1,1,1,1,1,0,1,1,1,0,1,0,0,0,0,0,15.625,ABC (National)
1,1,1,1,0,0,1,1,0,0,0,1,1,0,0,1,0,0,0,0,35,Channel 7 (National)
0,0,0,1,0,1,0,1,0,0,1,1,0,0,1,1,0,0,0,0,333.333333333333,Channel 7 (National)
1,0,1,1,1,0,0,1,0,0,0,1,0,0,0,1,0,0,0,0,16.6666666666667,Channel 9 (National)
1,1,0,0,0,1,1,1,1,0,1,1,0,0,1,1,0,0,0,0,50,Channel 9 (National)
0,0,0,0,0,0,1,1,1,0,1,1,0,0,1,1,1,0,0,0,6.42857142857143,Channel 9 (National)
1,0,0,1,1,0,0,0,0,0,1,1,0,0,0,1,0,0,0,0,50,Channel 10 (National)
1,1,1,1,1,1,1,1,1,0,1,1,1,0,1,1,0,1,0,0,150,Channel 9 (National)
1,0,0,0,0,0,1,1,0,0,1,1,0,0,0,1,0,0,0,0,68.1818181818182,Pay TV
0,0,1,0,1,0,0,0,1,0,0,1,0,0,1,0,0,0,0,0,89.2857142857143,NA
1,1,1,1,1,1,0,1,1,0,1,1,0,0,0,0,1,0,0,0,83.3333333333333,Pay TV
0,0,0,1,0,1,1,0,0,0,0,1,0,0,0,0,1,0,0,0,43.75,Channel 7 (National)
0,0,0,0,0,0,0,1,0,1,0,1,0,0,0,0,0,0,1,0,6.66666666666667,ABC (National)
1,1,1,1,1,1,1,1,0,0,1,1,1,0,0,0,0,0,1,0,50,ABC (National)
1,0,0,1,1,1,1,1,1,0,0,1,0,0,1,0,0,0,0,0,75,Pay TV
1,0,1,1,0,1,0,1,1,0,1,1,0,0,1,1,0,0,0,1,24,Pay TV
1,0,1,1,1,0,1,1,0,0,0,1,0,0,1,0,0,0,0,1,10.7407407407407,Pay TV
0,0,0,1,1,0,1,1,0,0,1,1,0,0,0,0,1,0,0,0,30,Pay TV
1,1,1,1,1,0,1,0,0,0,0,1,1,0,0,1,0,0,0,0,62.5,Channel 9 (National)
1,1,1,1,1,1,1,1,0,0,1,1,0,0,1,0,1,0,0,0,37.5,Other (please specify) 
1,0,1,0,1,0,0,0,0,0,0,1,0,0,1,1,0,0,0,0,60,Pay TV
0,0,0,0,0,1,0,1,0,0,1,1,0,0,1,0,0,0,0,0,40,Channel 7 (National)
0,0,1,0,1,0,1,1,0,1,1,1,0,0,0,1,0,0,0,0,50,Pay TV
1,1,1,1,1,0,1,1,1,0,1,1,0,0,1,1,0,0,0,0,25,Channel 7 (National)
0,0,0,0,0,0,0,1,0,0,0,0,0,0,0,1,0,0,0,0,100,SBS (National)
1,1,0,1,1,0,1,1,0,0,0,1,0,0,0,1,0,0,0,0,71.4285714285714,Pay TV
1,0,1,1,1,1,1,1,0,0,1,1,0,0,1,0,0,1,0,1,66.6666666666667,Regional programs on national channels
1,1,1,1,1,1,1,0,0,0,1,1,1,0,1,0,0,0,0,0,83.3333333333333,Pay TV
1,1,0,0,0,0,1,1,1,0,1,1,0,0,1,1,0,0,0,0,71.4285714285714,Pay TV
1,1,1,0,1,0,0,1,1,0,0,1,0,0,1,0,0,0,0,0,416.666666666667,Channel 10 (National)
1,0,1,1,0,1,1,1,1,0,1,1,0,0,1,0,0,0,0,0,77.7777777777778,Channel 10 (National)
1,1,1,1,1,1,1,1,1,1,1,1,1,1,0,1,0,0,0,0,42.8571428571429,SBS (National)
0,0,0,0,1,1,0,1,1,0,1,1,0,0,0,1,0,0,0,0,31.7460317460317,Regional programs on national channels
1,1,1,0,1,1,1,1,1,0,0,1,1,0,0,0,0,1,0,0,187.5,Channel 7 (National)
0,0,0,1,1,0,0,0,0,0,0,1,0,0,1,1,1,0,0,0,133.333333333333,Other (please specify) 
1,0,0,1,1,1,1,1,1,0,1,1,1,0,1,0,0,0,0,0,31.25,Channel 7 (National)
1,0,1,0,1,1,1,1,1,1,1,1,1,0,1,0,0,0,0,0,18.75,Channel 7 (National)
0,0,0,0,0,0,0,1,1,0,0,1,0,0,1,0,0,0,0,0,133.333333333333,NA
1,1,1,1,1,1,1,1,1,0,1,1,0,0,1,0,0,0,0,0,100,Pay TV
1,0,0,0,0,1,1,1,1,0,0,1,0,0,1,0,0,0,0,0,200,ABC (National)
1,0,0,1,0,1,1,1,1,1,1,1,1,0,1,0,0,0,0,0,35.7142857142857,Regional programs on national channels
0,0,0,0,0,0,0,1,1,0,0,1,0,0,0,0,0,0,1,0,18.3333333333333,Channel 9 (National)
0,1,0,1,1,1,1,1,0,0,1,1,0,0,1,1,0,0,0,0,75,Channel 10 (National)
1,0,0,1,1,0,1,1,0,0,0,1,0,0,1,0,0,0,1,1,13.8888888888889,ABC (National)
1,0,0,0,0,1,0,0,0,0,1,0,1,0,0,0,1,0,0,0,20,Channel 7 (National)
1,0,0,0,1,0,1,0,0,0,0,1,0,0,0,0,0,0,1,0,88.8888888888889,NA
1,1,1,1,1,1,1,1,1,1,1,1,1,0,1,0,0,0,0,0,12.5,Channel 7 (National)
1,0,0,1,1,0,1,1,1,0,1,1,0,0,0,0,0,0,1,0,37.5,Regional programs on national channels
1,0,0,1,1,1,1,1,1,0,1,1,0,0,1,0,1,0,0,0,142.857142857143,Regional programs on national channels
1,1,1,1,1,1,1,1,1,0,1,1,1,0,0,0,0,0,0,1,8.33333333333333,Channel 10 (National)
0,0,0,0,1,0,1,1,1,0,0,1,0,0,0,0,0,0,1,0,125,Channel 7 (National)
0,1,0,0,0,0,0,1,1,0,1,1,0,0,0,0,0,0,0,1,47.6190476190476,Channel 7 (National)
1,1,1,1,1,1,1,1,1,0,1,1,0,0,0,0,0,0,0,1,12.5,Channel 10 (National)
0,0,0,0,0,1,0,1,0,0,1,1,0,0,1,0,0,0,0,0,66.6666666666667,Pay TV
1,0,1,1,0,0,0,0,0,0,0,1,0,0,0,0,1,0,0,0,35.7142857142857,Channel 10 (National)
1,1,1,1,1,1,1,1,1,0,1,1,1,0,1,0,0,0,0,0,40.8163265306122,Channel 9 (National)
0,1,0,0,1,0,0,1,1,0,1,1,0,0,0,0,0,0,1,0,20,Pay TV
0,0,0,0,1,1,1,1,0,0,1,0,0,0,0,0,0,0,1,0,15,Channel 9 (National)
1,1,1,0,1,1,0,0,1,0,1,1,0,0,1,0,0,0,0,0,100,Channel 7 (National)
1,1,0,0,1,1,0,1,0,0,0,1,0,0,1,1,0,0,0,0,86.6666666666667,Channel 7 (National)
1,1,0,1,0,1,1,1,1,0,1,1,1,0,1,0,0,0,0,0,112.5,Channel 7 (National)
0,0,0,1,0,0,1,0,0,0,1,1,0,0,0,0,0,0,0,1,11.1111111111111,Pay TV
1,1,1,1,1,1,1,1,1,1,1,1,1,1,0,1,0,0,0,1,100,Channel 7 (National)
1,0,0,0,0,1,0,1,1,0,0,1,0,0,0,0,0,0,1,0,33.3333333333333,Pay TV
1,1,0,1,0,1,1,1,0,0,0,1,0,0,0,0,0,0,1,0,42.8571428571429,ABC (National)
1,1,1,1,1,1,1,1,1,1,1,1,1,1,1,0,0,0,0,0,333.333333333333,Channel 7 (National)
1,1,1,1,1,1,1,1,1,0,1,1,1,0,0,0,0,0,0,1,28,Channel 7 (National)
1,1,1,1,1,1,1,1,0,0,1,1,0,0,0,0,0,1,0,0,89.2857142857143,Pay TV
0,1,0,0,0,0,0,1,0,1,0,1,0,0,1,1,0,0,0,0,100,Channel 10 (National)
1,1,0,1,1,1,1,1,1,0,1,1,1,0,1,1,0,1,0,0,66.6666666666667,Channel 9 (National)
1,0,1,0,1,1,1,1,0,0,1,1,0,0,1,1,1,0,0,0,204.545454545455,ABC (National)
0,0,0,1,1,0,1,1,1,0,0,1,0,0,0,0,1,0,0,0,10,ABC (National)
0,0,0,0,0,0,0,1,0,0,0,0,0,0,0,0,0,0,1,0,30,Channel 7 (National)
1,0,0,1,1,0,1,1,1,0,1,1,0,0,1,0,0,0,0,0,111.111111111111,Channel 7 (National)
1,0,0,0,1,1,1,1,1,1,1,1,1,0,0,1,0,0,0,0,50,Channel 7 (National)
0,1,0,0,0,0,1,1,1,0,1,1,1,0,1,1,0,0,0,0,138.888888888889,Channel 7 (National)
1,1,0,0,1,1,0,1,0,0,1,0,1,0,0,1,0,0,0,0,62.5,Pay TV
1,1,1,1,1,1,1,1,1,1,1,1,1,0,1,0,0,0,0,0,33.3333333333333,Pay TV
0,0,0,0,0,0,0,1,1,0,1,1,1,0,0,0,0,0,1,0,16.6666666666667,Channel 7 (National)
1,1,0,0,0,1,0,1,1,1,1,1,0,0,0,1,0,0,0,0,14.2857142857143,Pay TV
1,0,0,0,0,0,1,0,0,0,0,1,0,0,0,0,0,0,1,0,18.75,Channel 7 (National)
0,0,0,0,1,1,0,1,1,0,0,1,0,0,1,0,0,0,0,0,95.2380952380952,ABC (National)
0,1,0,0,0,1,0,1,1,0,1,1,0,0,0,1,0,0,0,0,71.4285714285714,Channel 9 (National)
0,0,0,1,0,0,0,0,0,0,0,1,0,0,0,0,0,1,0,0,200,Channel 10 (National)
1,1,1,0,0,1,1,1,1,0,1,0,0,0,0,1,1,0,1,0,70,ABC (National)
1,1,1,1,1,1,1,1,1,0,1,1,0,0,1,0,0,0,0,0,30,Channel 10 (National)
1,1,0,1,1,1,1,1,1,0,0,1,0,0,0,0,0,0,0,1,2.38095238095238,Regional programs on national channels
1,0,0,0,0,0,1,1,0,0,0,0,0,0,0,1,0,0,0,0,16.6666666666667,Channel 7 (National)
0,0,0,1,0,1,1,1,1,0,1,1,0,0,1,0,0,0,0,0,250,Pay TV
1,1,1,1,1,1,1,1,1,1,1,1,1,0,0,1,0,0,0,0,35.7142857142857,Regional programs on national channels
1,0,0,1,1,0,0,1,1,1,1,1,0,0,0,0,0,0,1,0,55.5555555555556,Pay TV
1,1,0,0,0,1,1,1,0,0,1,1,1,0,0,0,0,0,1,0,20,Channel 10 (National)
0,0,0,0,1,1,1,1,0,1,1,1,0,0,1,1,0,0,0,0,104.166666666667,Channel 7 (National)
1,0,1,0,1,1,1,1,0,0,1,1,0,0,0,0,0,0,0,0,53.5714285714286,Pay TV
1,0,0,0,1,1,0,1,0,0,1,0,0,0,0,0,1,0,0,0,10.7142857142857,Channel 7 (National)
1,1,0,1,1,0,1,0,0,0,0,1,0,0,1,0,0,0,0,0,333.333333333333,Channel 10 (National)
1,1,1,1,0,1,1,1,0,0,1,1,0,0,0,0,0,0,1,0,60,Regional programs on national channels
1,0,0,0,0,0,0,1,1,0,1,1,1,0,0,0,0,0,1,0,4.16666666666667,Channel 10 (National)
1,1,1,1,1,1,1,1,1,1,1,1,1,0,1,0,0,0,0,0,35.7142857142857,Regional programs on national channels
1,1,0,0,0,0,0,1,1,0,1,1,0,0,0,0,0,0,0,1,6.25,Channel 9 (National)
1,1,1,1,0,1,0,1,1,0,1,1,1,0,0,1,0,0,1,0,16.6666666666667,Channel 7 (National)
1,1,0,1,1,1,1,1,1,0,1,1,1,1,1,0,1,1,0,1,83.3333333333333,Channel 7 (National)
1,1,1,1,0,0,0,1,0,0,1,1,0,0,1,1,0,0,0,0,100,Pay TV
1,1,1,1,1,1,1,0,0,0,0,1,0,0,1,0,0,0,0,0,62.5,ABC (National)
1,0,0,1,1,0,1,1,1,1,1,1,0,0,1,1,0,0,1,0,107.142857142857,ABC (National)
1,1,0,1,1,1,1,1,1,0,0,1,0,0,0,0,1,0,0,0,17.1428571428571,Channel 7 (National)
0,0,0,1,0,1,1,1,0,1,1,1,0,0,0,0,0,0,1,0,50,Pay TV
1,0,1,1,1,1,1,0,0,0,1,1,1,0,0,0,1,0,0,0,46.1538461538462,ABC (National)
1,1,0,1,1,1,1,1,1,1,1,1,0,0,1,0,0,0,0,0,17.8571428571429,Pay TV
1,1,1,1,1,1,1,1,1,0,1,1,1,0,1,1,0,0,0,0,6.25,Channel 7 (National)
0,0,0,0,0,0,1,1,1,0,1,1,0,0,0,1,0,0,0,0,13.3333333333333,Channel 7 (National)
1,0,0,0,1,1,0,1,0,0,1,1,0,0,1,0,0,0,0,0,NA,Channel 7 (National)
1,1,1,1,0,1,1,1,1,0,1,1,0,0,1,1,0,0,0,0,250,Channel 7 (National)
1,1,1,1,1,0,1,1,1,1,1,1,1,0,1,1,0,0,0,1,18.75,Channel 10 (National)
1,0,0,1,0,0,0,1,1,0,1,1,0,0,0,1,0,0,0,1,142.857142857143,Channel 7 (National)
1,1,1,1,1,1,1,1,1,0,1,1,1,0,0,1,0,0,0,0,20,Channel 9 (National)
1,0,1,1,0,0,1,0,0,0,0,1,0,0,1,0,0,0,0,0,NA,Channel 7 (National)
1,0,0,0,1,0,1,1,1,0,1,1,1,0,0,0,0,0,0,1,4.16666666666667,Channel 9 (National)
1,1,1,1,1,1,1,1,1,1,1,1,0,0,1,1,0,0,0,0,21.4285714285714,Channel 7 (National)
1,0,0,0,0,0,1,1,0,0,0,0,0,0,0,1,0,0,0,0,33.3333333333333,Channel 7 (National)
1,0,0,0,0,1,0,1,1,0,1,1,0,0,0,0,0,0,1,0,250,Pay TV
0,0,0,0,0,0,0,0,0,0,0,1,0,0,1,0,0,0,0,0,232.142857142857,Pay TV
1,0,0,0,1,1,1,1,0,0,1,1,0,0,0,0,0,0,1,0,23.8095238095238,Channel 7 (National)
1,1,0,1,0,0,1,1,1,0,0,0,0,0,0,0,1,0,0,0,66.6666666666667,Channel 7 (National)
1,1,0,0,1,1,1,0,0,0,1,1,0,0,0,0,0,0,0,0,40,Channel 10 (National)
1,0,0,0,1,1,0,0,0,0,0,1,0,0,1,1,0,0,0,0,90,Channel 7 (National)
1,1,0,0,0,1,1,1,1,0,0,0,0,0,1,0,0,0,0,0,107.142857142857,Channel 9 (National)
1,1,1,1,1,1,1,1,1,0,1,1,0,0,0,0,0,0,0,1,142.857142857143,Channel 7 (National)
0,0,0,0,0,0,0,1,1,0,1,0,0,0,1,0,0,0,0,0,66.6666666666667,SBS (National)
1,0,0,1,0,1,1,1,0,0,0,1,0,0,0,0,0,0,1,0,36.3636363636364,Channel 10 (National)
0,0,0,0,0,0,0,1,1,0,0,0,0,0,0,0,0,0,0,0,28.5714285714286,ABC (National)
0,0,1,1,1,1,1,1,0,0,1,1,0,0,1,0,0,0,0,0,31.25,Channel 7 (National)
1,0,0,0,0,0,1,1,0,0,1,1,0,0,1,0,0,0,0,0,125,Channel 7 (National)
1,1,0,1,0,1,1,1,0,0,1,1,0,0,1,0,0,0,0,1,83.3333333333333,Channel 9 (National)
1,1,1,1,1,0,1,1,0,0,0,1,0,0,0,0,0,1,0,0,7.2,Channel 10 (National)
1,1,1,1,1,1,1,1,1,1,1,1,1,0,1,1,0,0,0,0,62.5,ABC (National)
1,1,1,1,1,1,1,1,1,1,1,1,0,0,1,0,0,0,0,0,11.4285714285714,Channel 10 (National)
1,0,0,0,1,1,1,1,0,0,1,1,1,0,0,0,0,1,0,0,100,Channel 7 (National)
0,0,1,1,1,0,0,1,0,0,1,0,0,0,0,1,1,0,0,1,41.6666666666667,Channel 7 (National)
0,0,0,0,1,1,0,1,1,0,0,1,0,0,0,1,0,0,0,0,31.25,ABC (National)
1,0,0,1,1,1,0,1,1,0,1,1,0,0,1,0,0,0,0,0,50,Regional programs on national channels
1,1,1,1,1,1,1,0,0,0,1,1,0,0,1,1,0,0,0,1,40,Channel 7 (National)
1,1,1,1,1,1,1,1,1,0,1,1,0,0,1,0,0,0,0,0,80,Channel 7 (National)
0,0,0,0,1,0,1,1,0,0,0,1,0,0,1,1,0,0,0,0,100,ABC (National)
0,0,0,1,0,0,0,1,1,0,1,1,0,0,0,0,0,0,1,0,150,Channel 7 (National)
1,0,0,0,1,0,1,1,1,0,1,1,0,0,0,0,0,0,0,0,3.33333333333333,Channel 7 (National)
0,0,0,0,1,1,0,1,0,0,0,1,0,0,0,1,0,0,0,0,66.6666666666667,ABC (National)
0,1,0,0,1,1,0,1,0,0,1,1,0,0,1,1,0,0,0,0,25,Channel 7 (National)
1,1,0,0,0,1,1,1,0,0,1,1,0,0,0,0,0,0,1,0,1.66666666666667,ABC (National)
1,1,0,1,1,1,1,1,0,0,1,1,0,0,0,1,0,0,0,0,40,Channel 10 (National)
1,0,0,0,0,1,1,1,1,0,0,1,0,0,0,0,1,0,0,0,6,Channel 10 (National)
1,0,0,1,0,1,0,1,0,0,0,1,0,0,0,1,0,0,0,0,17.8571428571429,SBS (National)
1,0,1,1,1,0,0,0,0,0,1,1,0,0,1,1,0,0,0,0,26.6666666666667,Channel 9 (National)
0,0,0,1,0,1,0,1,0,0,0,0,0,0,0,0,0,0,0,1,14.2857142857143,Channel 7 (National)
1,1,0,0,0,1,0,0,0,0,1,1,0,0,1,0,0,0,0,0,150,Channel 9 (National)
1,1,0,1,1,1,1,1,1,0,1,1,0,0,0,1,0,0,0,0,30.7692307692308,Channel 7 (National)
1,0,0,1,1,1,1,1,0,0,1,1,0,0,1,1,0,0,0,0,100,Channel 10 (National)
1,1,1,1,1,1,1,1,1,1,1,1,1,1,1,1,1,1,0,0,125,Channel 7 (National)
1,0,1,1,1,1,1,1,1,1,1,1,1,0,0,1,0,0,0,0,50,Channel 10 (National)
1,1,1,1,1,1,1,1,1,1,1,1,0,0,0,0,0,0,0,0,31.25,Channel 9 (National)
1,1,1,1,0,0,1,1,1,0,0,1,0,0,0,1,0,0,0,0,100,Channel 7 (National)
1,1,0,1,0,1,0,1,1,0,0,1,0,0,0,0,0,1,0,0,214.285714285714,Pay TV
1,1,0,0,0,0,1,1,1,0,0,0,1,0,1,0,0,0,0,0,115,Pay TV
1,1,0,1,1,1,1,1,1,0,1,1,0,0,0,0,0,0,0,1,50,Pay TV
1,0,0,0,1,1,1,0,0,0,0,1,0,0,1,0,0,0,0,0,80,Channel 7 (National)
1,0,0,1,1,1,1,1,0,0,1,1,0,0,1,1,0,0,0,0,25,Channel 9 (National)
1,0,0,0,0,1,1,1,0,0,1,1,0,0,1,1,0,0,0,0,25,Channel 7 (National)
1,1,0,0,0,1,1,1,1,1,1,1,1,0,1,0,0,0,0,0,62.5,ABC (National)
0,0,0,1,1,0,1,1,0,0,0,1,0,0,0,1,0,0,0,0,50,Pay TV
1,1,0,1,1,1,1,1,0,0,0,0,1,0,0,1,0,0,0,0,16.6666666666667,Channel 10 (National)
1,0,0,0,0,0,0,1,0,0,1,1,0,0,0,1,0,0,0,0,33.3333333333333,Channel 7 (National)
1,0,1,1,1,1,1,1,0,0,1,1,0,0,1,1,0,1,0,0,40,Channel 9 (National)
1,1,1,1,0,1,1,1,1,0,1,1,0,0,1,0,0,0,0,0,166.666666666667,Channel 7 (National)
1,0,0,0,1,0,1,1,1,0,1,0,0,0,0,1,0,0,1,0,33.3333333333333,Channel 9 (National)
0,0,0,1,0,1,1,1,1,0,1,1,0,0,1,1,0,0,0,0,25,Channel 9 (National)
1,0,0,1,1,1,1,1,0,0,1,1,0,0,1,0,0,0,0,0,83.3333333333333,Channel 10 (National)
0,0,0,0,0,1,0,1,1,0,0,1,0,0,0,0,0,0,1,0,37.5,Other (please specify) 
0,1,1,0,0,1,0,1,1,0,0,1,0,0,0,0,0,0,1,0,33.3333333333333,Channel 7 (National)
1,1,1,1,1,1,1,1,1,1,1,1,0,0,0,0,0,0,1,0,41.6666666666667,Channel 7 (National)
1,0,0,1,0,0,0,1,1,0,1,1,0,0,0,0,0,0,0,1,222.222222222222,Channel 9 (National)
1,1,1,0,1,1,1,1,0,0,0,0,0,0,0,0,1,0,0,0,11.1111111111111,Channel 7 (National)
1,0,1,1,1,1,1,1,0,0,0,1,1,0,1,0,0,0,0,0,13.3333333333333,Channel 7 (National)
1,1,0,1,0,0,1,1,1,0,1,1,1,0,1,0,0,0,0,0,100,Channel 7 (National)
1,1,0,1,1,1,0,1,1,0,0,0,1,0,0,0,0,0,1,0,100,ABC (National)
0,0,0,0,0,1,0,1,0,0,1,1,0,0,1,1,0,0,0,0,125,Channel 9 (National)
1,1,1,1,1,1,0,1,1,0,1,1,0,0,0,1,0,0,0,0,60,ABC (National)
1,0,0,0,1,1,0,1,1,0,1,1,0,0,0,0,0,0,1,0,200,Pay TV
1,1,0,0,0,1,1,1,0,0,1,1,0,0,1,0,0,0,0,0,27.0833333333333,Channel 10 (National)
1,1,1,1,1,1,1,0,0,0,1,1,1,0,0,0,0,1,0,0,83.3333333333333,Channel 7 (National)
0,0,0,0,0,0,0,0,0,0,0,0,0,0,0,0,0,0,1,0,10.7142857142857,Channel 9 (National)
1,0,0,1,1,0,1,1,0,0,1,1,0,0,0,0,0,1,0,0,11.1111111111111,NA
1,1,1,1,1,1,1,1,1,1,1,1,0,0,1,1,0,0,0,0,31.25,Channel 7 (National)
0,1,0,1,0,1,1,1,0,1,1,1,0,0,1,0,1,0,0,1,12.5,Regional programs on national channels
0,0,1,0,1,1,0,1,1,1,1,1,0,0,0,0,1,0,0,0,18.5185185185185,Pay TV
0,0,0,1,0,0,1,1,0,0,0,1,0,0,1,0,0,1,0,0,100,Channel 10 (National)
1,0,0,1,1,0,1,1,1,0,0,1,0,0,1,0,0,0,0,0,83.3333333333333,Pay TV
1,1,0,0,0,1,1,1,1,0,1,1,0,0,1,0,0,0,0,0,450,Channel 7 (National)
0,0,0,0,1,0,1,1,1,0,1,0,1,0,1,0,0,0,0,1,35.7142857142857,Regional programs on national channels
1,1,1,1,1,0,1,1,0,0,1,1,0,0,1,1,0,0,0,0,133.333333333333,Pay TV
1,0,1,1,1,0,1,1,0,0,1,1,0,0,0,0,0,0,1,0,38.8888888888889,Channel 7 (National)
0,1,0,1,1,1,1,1,1,0,0,1,1,0,0,1,0,0,0,0,71.4285714285714,ABC (National)
1,1,0,0,0,0,0,1,1,0,0,1,0,0,0,1,0,0,0,0,375,Channel 10 (National)
1,0,0,0,1,0,1,1,0,0,1,1,0,0,0,1,0,0,0,0,25,Other (please specify) 
0,0,0,0,0,0,0,1,0,0,0,1,0,0,1,0,0,0,0,0,50,Pay TV
1,1,1,1,0,0,0,1,0,0,0,1,0,0,0,1,0,0,0,0,166.666666666667,ABC (National)
1,0,1,0,1,1,1,1,0,0,1,1,0,0,1,0,0,0,0,0,142.857142857143,Channel 7 (National)
1,0,1,0,1,1,1,1,0,0,1,1,0,0,1,1,0,0,1,0,40,ABC (National)
0,0,1,0,1,0,1,1,0,0,1,1,0,0,1,0,0,0,0,0,250,Pay TV
0,0,0,0,0,0,0,1,0,0,0,1,0,0,1,1,0,0,0,0,250,Pay TV
0,0,0,1,0,0,0,1,1,0,1,1,0,0,0,0,0,0,0,1,50,Pay TV
1,1,0,1,1,0,1,1,1,0,1,1,0,0,0,0,0,0,0,0,57.1428571428571,Channel 10 (National)
1,1,1,1,1,0,1,0,0,0,1,1,0,0,0,0,0,0,0,0,5.55555555555556,Channel 7 (National)
0,1,1,1,1,0,1,1,1,0,1,1,0,0,1,0,0,1,0,0,83.3333333333333,Channel 7 (National)
1,1,1,1,1,1,1,0,0,0,1,1,0,0,1,1,0,0,0,0,125,Channel 7 (National)
1,1,1,1,1,1,1,1,1,0,1,1,0,0,1,1,1,0,0,0,200,Channel 10 (National)
1,0,1,0,1,1,1,1,0,0,1,1,1,0,0,1,1,0,0,0,76.6666666666667,ABC (National)
1,0,0,0,0,1,0,1,1,0,1,1,0,0,0,0,0,0,0,0,25,Channel 7 (National)
1,1,0,1,0,1,1,1,1,0,1,1,0,0,0,0,0,0,1,0,35,ABC (National)
0,1,0,0,1,0,0,1,1,0,1,1,0,0,1,1,0,0,0,0,45,Regional programs on national channels
1,1,0,0,0,1,0,1,1,0,1,1,1,0,1,1,0,0,0,0,66.6666666666667,Pay TV
1,0,1,1,1,1,1,1,1,1,1,1,0,0,1,0,0,0,0,0,187.5,Channel 7 (National)
1,0,0,0,0,0,0,1,0,0,0,1,0,0,1,0,0,0,0,0,300,Pay TV
1,1,1,1,1,1,1,1,1,1,1,1,1,1,1,1,0,0,0,0,107.142857142857,Channel 7 (National)
1,1,1,0,1,0,0,1,1,0,1,1,0,0,0,1,0,0,0,0,30,Channel 10 (National)
1,1,0,0,0,1,1,1,0,0,0,1,0,0,0,0,0,0,1,0,33.3333333333333,Pay TV
1,0,0,0,0,1,1,1,1,1,0,1,1,0,1,1,0,1,0,0,62.5,Channel 9 (National)
1,1,1,1,1,1,1,1,1,0,1,1,0,0,0,0,0,0,0,1,12.5,Channel 9 (National)
0,0,0,0,1,0,0,1,0,0,1,1,0,0,0,0,0,0,0,0,10.2040816326531,Channel 7 (National)
1,1,1,1,1,1,0,1,1,0,0,1,1,0,1,1,0,0,0,0,32.258064516129,ABC (National)
1,1,1,1,1,1,0,1,1,0,0,1,0,0,0,0,0,1,0,0,324.074074074074,Channel 10 (National)
1,0,1,1,1,1,1,0,1,0,1,1,1,0,0,1,1,0,0,0,71.4285714285714,Regional programs on national channels
1,1,1,1,1,1,1,1,0,0,0,1,0,0,0,1,0,0,0,0,47.6190476190476,ABC (National)
1,0,0,0,0,0,1,1,1,0,1,1,0,0,0,1,0,0,0,0,120,ABC (National)
0,1,1,0,1,0,1,1,0,0,1,1,1,0,0,1,0,0,1,0,125,Channel 7 (National)
0,1,0,0,0,0,1,1,0,0,0,1,0,0,0,0,0,0,0,1,12.5,Channel 7 (National)
1,1,1,1,1,1,0,1,1,0,0,1,0,0,1,0,0,0,0,0,120,Pay TV
1,0,0,0,0,0,0,1,1,0,0,1,0,0,0,1,0,0,0,0,28.5714285714286,Pay TV
1,0,0,0,1,1,1,1,0,0,1,1,0,0,0,1,0,0,0,0,50,Pay TV
1,0,1,1,1,1,1,1,1,1,1,1,0,0,0,0,1,0,0,0,250,Channel 9 (National)
1,1,0,1,1,1,0,1,1,0,0,1,0,0,0,0,0,0,1,0,57.1428571428571,Channel 10 (National)
1,1,1,1,1,1,1,1,1,1,1,1,0,0,0,0,0,0,0,1,166.666666666667,Channel 9 (National)
0,0,0,0,0,1,1,1,0,0,0,1,0,0,1,1,0,1,0,0,111.111111111111,ABC (National)
1,1,0,1,1,1,1,1,1,0,1,1,1,0,1,0,0,0,0,0,200,Channel 7 (National)
1,0,0,0,0,1,1,1,0,0,0,1,0,0,0,1,0,0,0,0,28.5714285714286,ABC (National)
0,0,0,0,1,0,0,1,1,0,1,1,0,0,1,1,0,0,0,0,100,Regional programs on national channels
0,0,1,1,1,1,0,1,1,0,1,1,1,1,0,1,0,0,0,0,50,Channel 7 (National)
0,0,0,0,0,0,0,1,1,0,0,1,0,0,1,0,0,0,0,0,50,ABC (National)
1,0,0,1,0,1,0,1,1,0,1,1,1,0,0,0,0,0,0,1,100,Channel 9 (National)
1,1,1,0,1,1,1,1,1,0,1,1,0,0,1,0,0,0,0,0,250,Channel 9 (National)
1,1,1,1,1,1,1,1,1,1,1,1,1,0,0,0,0,0,1,0,33.3333333333333,Channel 7 (National)
1,0,1,1,0,0,0,1,1,0,0,1,0,0,0,1,0,0,0,0,62.5,Channel 10 (National)
1,0,1,0,1,1,1,1,0,0,1,1,0,0,1,0,0,0,0,1,9.375,ABC (National)
1,1,1,1,1,0,1,1,1,0,1,1,0,0,1,0,0,1,0,0,125,Channel 7 (National)
1,1,1,1,1,1,1,1,1,1,1,1,0,0,0,0,0,1,0,0,33.3333333333333,ABC (National)
1,1,0,0,1,1,1,1,1,0,1,1,1,0,1,0,0,0,0,0,12.5,Channel 9 (National)
1,1,1,1,1,1,1,1,1,1,1,1,1,1,0,1,0,0,0,0,33.3333333333333,Channel 7 (National)
1,0,0,1,0,0,0,1,0,0,1,1,0,0,1,1,0,0,0,0,68.1818181818182,Channel 7 (National)
1,1,0,0,1,1,0,1,1,0,0,1,0,0,1,1,0,0,0,0,38.8888888888889,Channel 7 (National)
0,0,0,1,0,1,0,1,0,0,1,0,0,0,0,0,0,1,0,0,375,Regional programs on national channels
1,1,1,1,1,0,1,0,0,0,1,1,1,0,1,0,0,1,0,0,125,Pay TV
1,0,1,1,1,0,1,1,1,0,1,1,0,0,0,0,0,1,0,0,55.5555555555556,ABC (National)
1,1,1,1,1,1,1,1,1,0,1,1,0,0,1,0,0,0,0,0,100,Pay TV
1,1,1,0,1,1,1,1,0,0,1,1,0,0,1,1,0,0,0,0,75,Pay TV
0,0,0,0,0,0,1,0,0,0,0,0,0,0,0,0,0,1,0,0,140,Pay TV
1,0,0,0,0,1,1,1,0,0,0,1,1,0,0,1,0,0,0,0,25,ABC (National)
1,0,1,1,0,0,1,1,0,0,0,1,0,0,0,0,0,1,0,0,138.888888888889,Channel 7 (National)
0,1,0,1,1,1,0,1,1,0,1,1,0,0,1,0,0,0,0,0,312.5,Channel 7 (National)
0,1,1,1,1,1,1,1,1,0,1,1,0,0,0,0,1,0,0,0,50,Channel 7 (National)
1,0,1,1,1,0,0,1,1,0,0,1,0,0,0,1,0,0,0,0,NA,Regional programs on national channels
1,1,1,1,1,1,1,1,1,1,1,1,1,0,1,0,0,0,0,0,120,Channel 7 (National)
0,0,0,0,0,0,0,1,0,0,1,1,0,0,0,0,1,0,0,0,50,Regional programs on national channels
0,0,1,1,0,1,1,1,0,1,1,1,0,0,0,1,0,0,0,0,35.7142857142857,Channel 9 (National)
0,0,0,0,0,0,0,1,0,0,1,1,0,0,0,0,1,0,0,0,57.1428571428571,Channel 7 (National)
1,0,1,0,1,1,0,1,0,0,1,1,0,0,1,1,0,0,0,0,40,Channel 10 (National)
1,1,1,1,1,1,1,1,1,0,1,1,1,0,0,0,0,0,0,0,42.8571428571429,Channel 7 (National)
1,0,0,1,0,0,1,1,0,0,0,1,0,0,1,1,0,0,0,0,125,Channel 10 (National)
1,1,1,1,1,1,1,1,1,0,1,1,1,0,0,0,1,0,0,0,22.2222222222222,Other (please specify) 
1,1,0,1,1,0,1,1,1,0,1,1,0,0,0,1,0,0,0,0,7.93650793650794,Channel 10 (National)
1,0,0,1,1,0,1,0,0,0,1,1,0,0,0,0,0,0,0,1,27.7777777777778,Regional programs on national channels
0,0,0,0,0,1,0,1,1,0,0,0,0,0,0,1,0,0,0,1,100,Regional programs on national channels
0,0,0,1,1,0,0,1,0,0,1,1,0,0,0,0,0,0,0,0,60,Channel 9 (National)
1,1,0,0,0,0,0,1,0,0,0,1,0,0,0,0,0,0,0,1,72.7272727272727,Regional programs on national channels
1,1,1,0,1,1,1,1,1,1,1,1,0,0,1,0,0,0,0,0,100,Channel 10 (National)
1,1,1,1,1,1,1,1,1,1,1,1,1,1,0,0,0,0,0,1,31.25,Pay TV
1,1,1,1,0,0,1,1,1,0,1,1,1,0,1,1,0,0,0,0,166.666666666667,Channel 10 (National)
1,0,1,1,1,1,1,1,1,0,1,1,0,0,1,1,1,0,0,0,166.666666666667,Channel 7 (National)
1,0,1,1,1,1,1,1,0,1,1,1,1,0,1,1,1,0,0,0,71.4285714285714,ABC (National)
1,0,0,0,1,1,1,1,0,0,1,0,0,0,0,1,0,0,1,0,37.5,Channel 7 (National)
1,0,1,1,0,0,1,1,1,0,0,1,0,0,0,0,0,0,1,0,200,ABC (National)
0,1,0,0,1,1,1,1,0,0,0,1,1,0,0,0,1,0,0,0,33.3333333333333,Channel 9 (National)
1,1,1,1,1,1,1,1,0,0,1,1,0,0,0,1,0,0,0,0,12.5,Channel 7 (National)
1,1,1,1,0,0,0,1,1,0,0,1,0,0,0,0,0,1,0,0,55.5555555555556,Channel 10 (National)
1,1,1,1,1,1,1,1,1,1,1,1,1,0,1,0,0,0,0,0,35.7142857142857,Channel 10 (National)
0,0,0,1,0,0,1,1,0,0,1,1,0,0,1,0,0,0,0,0,60,ABC (National)
1,1,0,1,1,1,1,1,1,0,1,1,1,1,1,0,0,0,0,0,107.142857142857,Channel 7 (National)
1,0,0,0,1,0,1,1,1,0,0,1,0,0,1,0,0,0,0,0,125,Pay TV
1,1,1,1,1,1,1,1,1,1,1,1,0,0,0,1,0,0,0,0,12.5,Pay TV
0,1,0,1,0,1,0,1,0,0,1,1,0,0,0,0,1,1,0,1,250,Channel 7 (National)
1,0,0,0,0,1,0,1,1,0,1,1,0,0,1,0,0,0,0,0,125,Channel 9 (National)
0,0,0,0,0,0,0,1,1,0,1,1,0,0,1,1,0,0,0,0,83.3333333333333,Channel 7 (National)
1,1,1,1,0,0,1,1,1,0,1,1,0,0,0,1,0,0,0,0,125,Channel 7 (National)
1,1,0,0,0,1,1,1,0,0,1,1,0,0,0,0,0,0,1,0,37.5,Channel 9 (National)
1,1,0,0,0,1,1,1,1,1,1,0,0,0,0,1,0,0,0,1,7.14285714285714,SBS (National)
0,1,0,0,0,0,0,1,0,0,0,1,0,0,0,0,0,0,0,0,16.6666666666667,Channel 7 (National)
0,0,1,1,1,1,0,1,0,0,0,1,1,0,0,1,0,0,0,0,62.5,Pay TV
1,1,1,1,1,1,0,1,0,0,0,1,0,0,0,0,1,0,0,0,71.4285714285714,ABC (National)
1,0,1,1,1,1,1,1,0,0,1,1,0,0,0,0,0,0,1,0,166.666666666667,ABC (National)
0,1,0,0,0,0,0,0,0,0,0,1,0,0,1,0,0,0,0,0,44.4444444444444,Pay TV
1,1,1,1,1,1,1,1,1,1,0,0,1,1,1,1,1,1,1,1,100,ABC (National)
1,0,1,0,1,1,1,1,0,0,1,1,0,0,0,0,1,0,0,0,50,Channel 7 (National)
1,1,0,0,1,1,1,1,1,0,0,1,0,0,1,0,0,0,0,0,75,ABC (National)
0,0,0,1,0,1,0,1,0,1,1,1,0,0,1,0,0,0,0,0,208.333333333333,ABC (National)
0,1,1,1,1,1,0,1,1,0,1,1,0,0,0,1,0,0,0,0,50,Channel 10 (National)
1,0,0,0,0,1,0,1,1,0,0,1,0,0,0,0,0,0,0,1,12.5,Pay TV
1,0,0,1,0,1,1,1,1,0,1,1,0,0,1,1,0,0,0,0,62.5,ABC (National)
1,1,1,1,1,1,1,1,1,0,1,1,1,1,1,1,0,0,0,0,10,NA
1,1,1,1,1,1,1,1,1,0,1,1,1,0,1,0,0,0,0,0,142.857142857143,Channel 9 (National)
1,0,0,0,0,1,0,1,0,0,0,0,1,0,0,0,0,0,1,0,9.52380952380952,Channel 10 (National)
1,1,1,0,1,1,1,1,0,0,0,1,0,0,0,1,1,0,0,0,53.5714285714286,SBS (National)
1,1,1,1,1,1,1,1,0,0,0,1,0,0,0,0,0,0,0,1,125,ABC (National)
1,0,1,1,1,0,1,1,1,0,0,1,1,0,1,0,0,0,0,0,1.66666666666667,Channel 9 (National)
1,1,1,1,1,1,1,1,1,0,0,1,1,0,0,0,0,0,1,0,3.33333333333333,Channel 7 (National)
0,0,0,0,0,0,1,1,0,0,0,1,0,0,0,1,0,0,0,0,106.666666666667,ABC (National)
1,1,1,1,0,0,1,1,0,0,0,1,0,0,1,0,0,0,0,0,45,Channel 10 (National)
1,1,0,0,1,0,1,1,1,0,1,1,0,0,0,1,0,0,1,0,16.6666666666667,Channel 10 (National)
0,0,0,1,1,1,1,1,0,0,0,1,0,0,1,1,0,0,0,0,40,ABC (National)
1,1,0,1,1,0,1,1,1,0,0,1,1,0,0,0,0,0,0,0,4.16666666666667,Channel 10 (National)
0,0,0,1,0,1,0,1,0,0,1,0,0,0,0,0,1,0,0,0,107.142857142857,Channel 7 (National)
0,0,0,0,0,0,0,1,1,1,0,0,0,0,0,1,0,0,0,0,125,Channel 10 (National)
0,0,0,1,0,0,0,1,0,0,1,0,0,0,1,0,0,1,0,0,178.571428571429,Channel 9 (National)
1,0,0,1,0,1,1,1,0,0,1,1,0,0,0,0,0,0,1,0,20.3125,Channel 10 (National)
0,0,0,0,0,0,0,1,0,0,0,0,0,0,0,0,1,0,0,0,25,Pay TV
0,1,0,0,0,1,0,1,1,1,0,1,0,0,0,0,0,0,0,0,41.6666666666667,Channel 10 (National)
0,0,0,0,1,0,1,1,0,0,1,1,0,0,0,0,0,0,0,0,37.5,Channel 7 (National)
0,1,0,0,0,1,1,1,1,0,1,1,0,0,1,0,0,0,0,0,55.5555555555556,Pay TV
1,0,1,1,1,1,1,1,1,0,0,1,0,0,0,0,1,0,0,0,13.1578947368421,Other (please specify) 
1,1,0,1,1,0,1,1,0,0,1,1,0,0,0,1,0,0,0,0,28.5714285714286,Channel 7 (National)
1,1,1,1,1,0,1,0,0,0,0,1,0,0,1,1,0,0,0,0,100,Channel 10 (National)
1,1,1,1,1,0,1,1,1,0,1,1,0,0,1,1,0,0,0,0,60,Channel 9 (National)
1,0,1,1,1,1,1,1,1,1,1,1,0,0,1,1,0,0,0,0,125,Channel 10 (National)
1,1,1,1,0,1,1,0,1,0,1,1,0,0,1,0,0,1,0,0,107.142857142857,Channel 7 (National)
0,0,0,0,0,1,1,1,0,0,1,0,0,0,0,0,1,0,0,0,25,Channel 7 (National)
1,0,1,0,1,0,1,1,0,0,1,0,0,0,0,0,0,0,1,0,23.8095238095238,ABC (National)
1,0,0,1,0,0,0,1,1,0,1,1,0,0,0,0,1,0,0,0,71.4285714285714,Channel 10 (National)
0,0,0,1,1,1,1,1,1,0,1,1,0,0,0,0,0,0,1,0,375,Pay TV
1,0,0,1,0,0,1,1,1,0,1,1,0,0,0,0,0,0,1,0,104.166666666667,Channel 7 (National)
1,1,1,1,1,1,1,1,1,0,1,1,1,0,1,1,0,1,0,0,70,Channel 9 (National)
1,0,1,1,1,1,1,1,0,0,1,1,0,0,1,0,0,0,0,0,35.7142857142857,Channel 10 (National)
1,0,1,1,1,1,1,0,1,0,1,1,0,0,0,1,0,0,1,0,NA,ABC (National)
1,1,1,1,1,1,1,1,1,0,1,1,1,0,1,0,0,0,0,0,17.5,Channel 9 (National)
1,1,0,1,0,0,1,1,1,0,1,1,0,0,1,0,0,0,0,0,116.666666666667,Channel 10 (National)
1,0,0,1,0,0,0,1,1,0,0,1,0,0,0,1,0,0,0,0,41.6666666666667,ABC (National)
1,1,1,1,1,1,1,1,1,0,1,1,1,0,1,1,0,0,0,0,187.5,Pay TV
0,1,0,1,1,1,0,1,0,0,1,1,0,0,1,0,0,0,0,0,35.7142857142857,Pay TV
1,0,0,0,0,1,1,1,0,0,1,1,0,0,1,0,0,0,0,0,61.9047619047619,Channel 7 (National)
1,0,1,1,1,0,1,1,1,0,1,1,1,0,1,0,0,1,0,0,107.142857142857,Channel 10 (National)
1,0,0,1,1,1,1,1,1,0,1,1,1,0,0,0,0,0,1,0,47.6190476190476,Pay TV
1,0,1,1,0,1,1,1,0,0,0,1,0,0,1,0,0,0,0,1,11.25,ABC (National)
1,1,0,0,1,1,1,1,1,0,0,1,0,0,1,0,0,0,0,0,133.333333333333,Pay TV
0,0,0,0,1,0,1,1,0,1,0,1,1,0,0,1,0,0,0,0,14.2857142857143,ABC (National)
1,1,1,1,1,1,1,1,1,0,1,1,0,0,0,1,0,0,0,0,187.5,Channel 7 (National)
0,0,0,0,0,1,1,1,1,0,1,0,0,0,0,0,0,0,0,0,18.75,Channel 9 (National)
1,1,0,1,1,1,1,1,1,0,1,1,1,0,0,1,0,0,0,0,48.5714285714286,Channel 7 (National)
1,1,1,1,0,0,0,1,1,0,1,1,0,0,1,1,0,0,0,0,71.4285714285714,ABC (National)
1,0,0,0,1,0,0,1,1,0,0,0,0,0,1,0,0,0,0,0,22.7272727272727,ABC (National)
0,0,0,0,0,0,0,1,1,0,0,0,0,0,0,1,0,0,0,1,5.10204081632653,Channel 7 (National)
0,0,0,0,0,0,0,0,0,0,0,0,0,0,0,0,0,0,0,0,30,Channel 7 (National)
1,1,0,1,0,0,0,1,0,0,1,1,0,0,1,1,0,0,0,0,80,Channel 9 (National)
1,0,1,1,1,0,0,1,0,0,1,1,0,0,0,0,0,0,1,0,100,Channel 10 (National)
1,0,0,0,0,1,0,1,0,0,1,1,1,0,1,0,0,0,0,0,111.111111111111,Channel 9 (National)
1,1,0,0,1,0,1,1,0,0,1,1,0,0,0,0,0,0,0,1,21.4285714285714,Pay TV
1,0,0,0,1,0,1,1,0,0,0,0,0,0,0,1,0,0,0,0,42.8571428571429,Other (please specify) 
0,1,0,0,0,0,0,0,1,0,0,1,0,0,0,0,0,0,0,0,93.75,Pay TV
0,0,0,0,0,0,0,1,1,0,0,1,0,0,1,0,0,0,0,1,34,Channel 7 (National)
0,0,0,0,0,0,0,1,1,0,1,1,1,0,1,0,0,0,0,0,43.4782608695652,Channel 10 (National)
1,0,1,1,1,1,0,1,1,0,1,1,0,0,1,1,0,0,0,0,250,Channel 9 (National)
1,0,0,1,0,1,1,1,1,0,1,1,0,0,1,1,0,0,0,0,100,ABC (National)
1,1,1,0,1,1,1,1,0,0,0,1,1,0,1,0,0,0,0,0,500,Channel 7 (National)
1,0,0,1,0,1,1,1,1,1,1,1,1,0,0,0,0,1,0,0,178.571428571429,Channel 10 (National)
1,0,0,1,1,0,1,0,0,0,0,1,0,0,1,0,0,0,0,0,13.3333333333333,SBS (National)
1,1,1,1,1,0,1,1,1,0,1,0,0,0,0,0,1,0,0,0,58.3333333333333,Channel 7 (National)
1,0,0,0,1,1,1,1,1,0,1,1,0,0,0,1,0,0,0,0,50,Pay TV
1,1,1,0,0,1,0,1,1,0,0,1,0,0,0,0,0,0,0,1,40,Pay TV
0,0,0,0,1,0,0,1,1,0,1,1,0,0,0,0,0,0,1,0,4.16666666666667,Channel 7 (National)
1,1,0,0,0,1,1,1,0,1,1,1,0,0,1,0,0,0,0,0,175,Channel 7 (National)
0,0,1,0,0,1,1,0,0,0,1,1,0,0,0,0,1,0,0,0,25,Channel 9 (National)
0,0,0,0,0,0,0,1,1,0,1,1,0,0,0,1,0,0,0,0,25,Pay TV
0,0,0,0,1,0,0,1,0,0,0,1,0,0,0,0,1,0,0,0,10,Channel 10 (National)
1,0,1,0,1,1,1,1,1,0,1,1,0,0,0,0,0,1,0,0,157.142857142857,ABC (National)
1,0,1,1,1,0,1,0,0,0,1,1,0,0,0,0,0,0,0,0,23.4375,Channel 9 (National)
0,0,0,0,1,1,1,1,1,0,0,1,0,0,0,0,0,0,1,0,333.333333333333,ABC (National)
1,0,0,1,1,1,1,0,0,0,1,1,0,0,0,1,0,0,0,0,28.5714285714286,Channel 10 (National)
1,0,0,0,1,0,1,1,1,0,1,1,0,0,1,1,0,0,0,1,16.6666666666667,ABC (National)
0,0,0,1,0,0,0,0,0,0,1,1,0,0,1,1,0,0,0,0,133.333333333333,ABC (National)
0,0,0,1,0,1,1,0,0,0,0,1,0,0,0,0,0,0,1,0,66.6666666666667,Channel 7 (National)
1,1,1,1,1,1,1,1,1,1,1,1,0,0,0,1,0,0,0,0,83.3333333333333,Pay TV
1,1,1,1,0,1,1,0,0,0,1,1,1,0,0,0,1,0,0,0,208.333333333333,Channel 7 (National)
1,1,1,1,1,1,1,1,1,1,1,1,1,0,1,1,1,0,0,1,22.5,Channel 10 (National)
1,0,1,1,0,0,0,1,0,1,1,1,0,0,0,0,0,0,0,0,20,Regional programs on national channels
1,1,0,1,1,1,1,1,1,0,0,1,0,0,1,0,0,0,0,0,71.4285714285714,Channel 9 (National)
1,1,1,1,0,1,1,1,0,0,0,1,0,0,1,0,0,0,0,0,58.3333333333333,Channel 10 (National)
1,1,0,1,1,0,1,0,1,0,1,1,0,1,1,0,0,1,0,0,100,Channel 9 (National)
1,0,1,1,0,1,1,1,0,0,1,1,1,0,1,1,0,0,0,0,300,Pay TV
1,1,0,1,1,1,1,1,0,0,0,1,0,0,0,0,0,0,1,0,50,Channel 9 (National)
1,1,0,1,1,0,1,1,0,0,0,0,0,0,0,0,0,0,1,0,12.5,NA
1,0,1,0,1,1,1,1,1,0,1,1,0,0,0,0,0,0,0,0,12.5,Channel 10 (National)
1,0,1,0,1,1,1,1,1,0,1,1,1,1,1,0,0,0,0,0,7.29166666666667,SBS (National)
1,1,1,1,1,1,1,1,0,0,1,1,1,0,1,0,0,0,0,0,77.7777777777778,Pay TV
1,0,0,0,0,1,1,1,0,0,1,1,0,0,0,0,0,0,1,0,41.6666666666667,Channel 7 (National)
1,1,0,0,0,0,0,1,0,0,1,1,0,0,1,1,1,0,0,0,62.5,Channel 7 (National)
1,1,0,1,1,1,1,1,0,1,1,1,1,0,1,0,0,0,0,0,62.5,Pay TV
1,1,1,0,1,0,1,1,1,0,0,1,0,0,1,1,0,0,0,0,50,Channel 10 (National)
1,0,0,1,1,1,0,1,0,0,1,1,0,0,0,0,0,0,0,1,13.3333333333333,Regional programs on national channels
1,1,0,1,1,1,1,1,1,0,1,1,0,0,1,1,0,0,0,0,125,Channel 7 (National)
1,0,0,1,1,1,1,1,1,1,1,1,0,0,1,1,0,0,0,0,71.4285714285714,ABC (National)
1,1,0,1,0,0,0,1,1,0,1,1,1,0,1,1,0,0,0,0,11.9047619047619,ABC (National)
0,0,0,0,0,0,1,1,0,0,0,1,0,0,0,0,0,0,1,0,20,NA
1,0,0,0,1,1,1,1,1,1,1,1,1,0,0,1,0,0,0,0,57.6923076923077,Regional programs on national channels
1,0,0,1,1,0,1,1,1,0,0,1,0,0,1,0,0,0,0,0,53.3333333333333,Pay TV
1,0,0,1,1,1,1,1,1,1,1,1,1,0,1,0,0,0,0,0,100,Pay TV
1,1,0,0,0,1,0,1,1,0,1,0,0,0,0,1,0,0,0,0,10,Channel 7 (National)
1,0,0,1,1,1,0,0,0,0,1,1,0,0,1,0,0,0,0,0,133.333333333333,Pay TV
1,1,1,1,1,1,1,1,1,0,1,1,1,0,0,0,0,0,0,0,9.09090909090909,Channel 10 (National)
0,0,0,0,1,0,1,0,0,0,0,1,0,0,1,1,0,0,0,0,40,ABC (National)
0,0,1,0,1,0,1,1,0,0,1,1,0,0,1,1,0,0,0,0,NA,ABC (National)
0,0,0,1,0,1,1,1,0,0,1,1,0,0,1,1,0,0,0,0,87.5,Regional programs on national channels
1,0,0,0,1,1,1,1,1,0,1,1,0,0,0,1,0,0,0,0,66.6666666666667,Pay TV
0,1,0,1,0,1,0,1,0,0,1,1,0,0,0,0,0,0,0,1,100,Pay TV
1,1,0,0,1,1,1,1,1,0,1,1,0,0,1,0,0,0,0,1,100,Channel 10 (National)
1,1,0,0,0,1,1,1,1,0,0,1,0,0,0,1,0,0,0,0,9.87654320987654,Channel 10 (National)
1,0,0,1,1,1,1,1,1,0,1,1,0,0,0,1,0,0,0,1,17.8571428571429,Channel 10 (National)
1,1,0,0,1,1,0,1,1,1,1,1,0,0,1,1,0,0,0,0,100,Channel 7 (National)
1,0,1,0,1,1,1,1,0,1,1,1,1,0,1,1,1,0,0,0,23.8095238095238,Pay TV
1,1,1,1,1,1,1,1,1,0,1,1,1,0,1,0,0,0,0,0,44.6428571428571,Channel 7 (National)
1,1,1,1,1,1,1,1,1,0,1,1,1,0,0,0,1,0,0,0,40,Pay TV
1,1,1,1,0,0,1,1,1,0,1,1,1,1,1,0,0,0,0,0,25,Channel 10 (National)
1,0,1,1,0,1,0,1,0,0,1,1,0,0,1,0,0,0,1,0,62.5,Channel 7 (National)
1,0,1,1,1,0,1,1,0,0,1,1,0,0,1,0,0,0,0,0,187.5,Channel 7 (National)
1,1,0,1,1,1,1,1,1,1,0,1,1,0,0,1,0,0,0,0,35.7142857142857,Pay TV
1,0,0,0,1,1,1,0,1,0,0,1,0,0,1,0,0,0,0,0,57.1428571428571,Pay TV
0,0,0,1,1,1,1,1,0,0,1,1,0,0,1,1,0,0,0,0,158.333333333333,Pay TV
0,0,0,1,0,0,0,1,1,0,1,1,0,0,0,1,0,0,0,0,6.25,Pay TV
1,1,1,1,1,1,0,1,1,0,0,1,0,0,0,1,0,0,0,0,8.33333333333333,Channel 7 (National)
0,0,0,1,0,1,1,0,0,0,1,1,0,0,0,1,0,0,0,0,100,Channel 7 (National)
1,0,0,0,1,0,1,1,0,0,1,1,1,0,1,1,0,0,0,0,57.9710144927536,Channel 7 (National)
1,1,1,0,1,0,0,0,1,0,1,1,0,0,1,1,1,0,0,0,28.5714285714286,Channel 10 (National)
1,0,0,0,1,0,1,1,1,1,1,1,0,0,1,0,0,0,0,0,250,NA
1,0,1,1,1,1,1,1,1,0,1,1,0,0,0,1,0,0,0,0,100,Channel 9 (National)
0,0,0,1,0,0,0,1,1,0,0,1,0,0,1,1,0,0,0,0,15.625,ABC (National)
0,0,1,1,0,1,0,1,0,0,0,1,0,0,0,0,0,1,0,0,7.40740740740741,Channel 7 (National)
1,0,1,1,1,0,1,1,1,0,1,1,0,0,1,1,1,0,0,0,166.666666666667,Channel 7 (National)
0,0,1,1,0,0,1,1,0,0,1,1,0,0,1,0,0,0,0,0,25,ABC (National)
0,0,1,0,0,0,1,0,0,0,1,1,0,0,0,1,0,0,0,0,35.7142857142857,ABC (National)
1,1,1,1,1,1,1,1,1,1,1,1,1,0,0,1,0,0,0,0,3.125,Regional programs on national channels
1,0,1,0,1,0,1,1,0,0,0,0,1,0,0,0,0,0,1,0,71.4285714285714,Channel 10 (National)
1,1,1,1,1,1,1,1,1,1,1,1,0,0,1,1,0,0,0,0,58.3333333333333,Channel 10 (National)
0,0,1,1,0,0,1,1,1,0,0,1,0,0,0,0,0,0,0,0,33.3333333333333,Pay TV
0,0,0,1,0,0,0,1,0,0,1,1,0,0,1,1,0,0,0,0,30,Channel 9 (National)
0,0,0,0,1,0,0,1,1,0,1,1,0,0,1,0,0,0,0,0,62.5,ABC (National)
1,1,1,1,1,1,1,1,1,0,0,1,0,0,0,0,0,0,1,0,50,Channel 10 (National)
1,1,1,1,1,1,1,1,1,1,1,1,1,0,0,1,0,0,0,1,11.9047619047619,Channel 10 (National)
1,0,0,1,1,0,1,1,0,0,1,1,1,0,1,1,0,0,0,0,3.57142857142857,Channel 7 (National)
0,1,0,0,0,0,1,1,0,0,1,1,0,0,0,1,0,0,0,0,72.7272727272727,Channel 10 (National)
1,0,0,1,1,0,1,1,0,0,1,1,0,0,0,0,0,0,1,0,40,Channel 7 (National)
1,0,0,0,1,1,0,1,1,0,1,1,0,0,0,1,0,0,0,1,14.2857142857143,Pay TV
1,1,0,1,0,0,0,1,1,0,1,1,0,0,1,1,0,0,0,0,87.5,Channel 10 (National)
0,0,0,1,0,0,0,1,1,0,1,1,0,0,1,0,0,1,0,0,187.5,Channel 7 (National)
0,0,0,0,0,0,0,1,0,0,0,1,0,0,0,0,0,0,0,0,20,Regional programs on national channels
1,0,0,0,0,1,0,1,1,0,1,1,0,0,0,1,0,0,0,0,12.5,Pay TV
1,1,1,1,1,1,1,1,1,1,1,1,1,0,0,0,1,0,0,1,62.5,Pay TV
0,0,0,1,0,0,1,1,1,0,0,1,0,0,1,0,0,0,0,0,200,ABC (National)
1,1,1,1,1,1,1,1,1,1,1,1,1,0,0,0,0,0,1,0,66.6666666666667,Pay TV
0,1,1,0,0,0,0,1,1,1,1,1,0,0,0,0,0,0,0,1,89.2857142857143,Channel 10 (National)
0,0,1,1,1,1,1,1,1,0,1,1,0,0,1,1,0,0,0,0,666.666666666667,Channel 7 (National)
1,0,0,0,0,0,1,1,0,0,0,0,0,0,0,1,0,0,0,1,8.33333333333333,Other (please specify) 
1,0,1,1,1,1,1,0,0,0,0,1,1,0,1,0,0,0,0,0,28.5714285714286,Channel 7 (National)
0,0,1,1,1,1,1,1,1,1,1,1,0,0,0,0,0,1,0,0,214.285714285714,ABC (National)
1,1,1,1,1,1,0,1,1,1,0,1,0,0,0,1,0,0,0,0,50,Channel 7 (National)
1,0,0,0,1,1,0,1,0,0,1,0,0,0,0,0,0,0,1,0,35,Regional programs on national channels
0,0,0,0,0,1,0,1,0,0,1,1,0,0,1,1,0,1,0,0,83.3333333333333,Channel 7 (National)
1,1,1,0,1,1,0,1,1,0,1,1,0,0,1,1,0,0,0,0,140,Channel 7 (National)
1,1,0,1,1,0,1,1,1,1,1,1,0,0,1,1,0,0,0,0,58.3333333333333,Pay TV
0,0,0,1,1,0,1,0,0,1,1,1,0,0,1,1,0,0,0,0,83.3333333333333,Pay TV
1,1,1,1,1,1,1,1,1,0,1,1,1,0,0,0,0,0,0,1,71.4285714285714,Channel 9 (National)
0,0,0,0,0,0,0,1,1,0,0,1,0,0,0,1,0,0,0,0,25,Channel 10 (National)
1,0,0,0,0,0,0,1,0,0,0,0,0,0,1,0,0,0,0,1,14.2857142857143,Channel 7 (National)
1,1,1,0,1,0,1,1,0,0,1,1,0,0,0,0,1,0,0,0,75,Channel 7 (National)
1,0,0,0,1,0,1,1,0,0,0,1,0,0,0,0,0,0,0,1,33.3333333333333,ABC (National)
1,1,1,1,1,0,1,1,1,0,1,1,0,0,0,0,0,0,1,0,66.6666666666667,Other (please specify) 
1,0,1,1,0,0,0,1,1,0,1,1,0,0,0,1,0,0,0,0,16.6666666666667,Channel 7 (National)
0,0,0,0,0,0,0,1,0,0,0,0,0,0,0,0,0,0,0,1,33.3333333333333,ABC (National)
0,1,0,1,1,0,1,1,1,0,0,1,0,0,1,0,0,0,0,0,214.285714285714,Channel 7 (National)
1,0,0,1,0,1,1,1,1,1,1,1,0,0,0,1,0,0,0,0,10.4166666666667,Pay TV
0,1,0,0,1,0,0,1,1,0,0,1,1,0,1,0,0,0,0,0,88.8888888888889,Channel 10 (National)
1,0,0,1,1,0,1,1,0,0,1,0,0,0,0,0,1,0,0,0,47.6190476190476,Channel 10 (National)
1,0,1,1,0,1,1,1,0,0,1,1,1,0,0,1,1,0,0,0,125,Channel 10 (National)
1,1,0,0,1,1,1,1,0,0,1,1,1,0,0,0,0,0,1,0,33.3333333333333,ABC (National)
1,0,0,1,1,1,0,1,0,0,1,1,0,0,0,1,0,0,0,0,12.5,ABC (National)
1,1,0,0,1,1,1,1,0,1,1,1,0,0,1,1,0,0,0,0,125,Channel 9 (National)
1,1,0,1,1,1,1,1,1,0,1,1,1,0,1,0,0,0,0,0,100,Channel 10 (National)
1,0,1,1,1,0,1,1,1,0,0,1,1,0,0,0,0,0,1,0,125,ABC (National)
1,0,1,1,1,1,1,1,1,0,1,1,1,0,1,1,0,1,0,0,250,Channel 9 (National)
0,0,0,0,0,0,0,0,0,0,0,1,0,0,0,0,0,0,1,0,125,Channel 10 (National)
0,0,0,1,1,1,0,1,0,0,0,0,0,0,1,1,0,0,1,0,450,Pay TV
1,1,0,0,0,1,0,1,1,0,1,1,0,0,0,0,0,0,1,0,150,Channel 7 (National)
1,1,1,1,1,1,1,1,1,0,1,1,1,0,1,1,0,0,0,0,33.3333333333333,Channel 7 (National)
0,1,0,0,0,0,0,1,0,1,1,1,0,0,1,1,0,0,0,0,62.5,Channel 7 (National)
1,1,1,1,1,0,1,1,0,0,1,1,0,0,0,1,0,0,0,0,9,Channel 10 (National)
0,1,0,0,0,1,1,1,1,0,0,1,1,0,0,0,0,0,0,1,13,Channel 7 (National)
1,1,1,1,1,1,0,1,1,0,1,1,0,0,0,0,0,0,0,0,44.4444444444444,Channel 7 (National)
0,0,1,1,0,0,1,0,0,0,0,0,0,0,1,0,0,1,0,0,150,Channel 9 (National)
0,0,0,1,1,0,0,1,1,1,1,1,0,0,0,0,0,0,1,0,62.5,SBS (National)
1,1,1,1,1,1,1,1,1,1,1,1,1,1,1,1,1,1,1,1,0.694444444444445,Channel 10 (National)
1,0,0,0,1,0,0,1,0,0,1,1,0,0,1,0,0,0,0,0,22.2222222222222,Pay TV
0,0,0,1,0,0,1,1,1,0,1,1,0,0,0,1,0,0,0,0,31.25,Channel 9 (National)
1,1,0,0,1,0,0,1,1,0,0,1,0,0,1,1,0,0,0,0,200,Channel 10 (National)
1,0,0,0,1,1,1,1,1,0,0,1,0,0,1,0,0,0,0,0,333.333333333333,ABC (National)
1,1,1,1,1,0,1,1,1,0,1,1,0,0,1,1,0,0,0,0,23.8095238095238,Channel 10 (National)
1,0,0,0,1,0,1,1,1,0,1,1,0,0,0,1,0,0,0,0,62.5,Channel 9 (National)
1,1,1,1,1,1,1,1,0,0,1,1,1,0,1,0,0,0,0,0,75,ABC (National)
1,0,0,0,1,1,0,1,0,0,1,1,0,0,0,1,0,0,1,0,41.6666666666667,Regional programs on national channels
0,1,1,1,1,0,1,1,1,0,1,1,0,0,1,0,0,0,0,0,400,Channel 7 (National)
1,1,1,1,1,1,1,0,0,0,1,1,0,0,0,1,0,0,1,0,12.5,Channel 7 (National)
1,1,1,1,1,1,1,1,1,1,1,1,1,0,0,1,0,0,0,0,12.5,Channel 10 (National)
1,0,0,0,1,0,1,1,0,0,0,1,0,0,0,1,0,0,0,1,3.33333333333333,ABC (National)
0,0,0,0,0,0,1,1,0,0,0,1,0,0,1,0,0,0,0,0,17.8571428571429,Channel 9 (National)
1,0,0,0,0,0,1,1,0,0,0,0,0,0,0,1,0,0,0,0,21.875,Channel 9 (National)
1,1,1,1,1,1,1,1,1,0,1,1,1,0,0,1,0,0,0,0,150,Channel 7 (National)
1,1,0,1,0,1,1,1,1,0,1,1,0,0,1,1,1,0,0,0,142.857142857143,Channel 9 (National)
1,1,1,1,1,1,1,1,1,1,1,1,1,0,1,1,0,0,0,1,66.6666666666667,SBS (National)
1,1,0,1,1,1,1,1,1,0,1,1,0,0,0,1,0,0,0,0,28.5714285714286,Pay TV
1,0,0,0,1,1,1,1,0,0,1,1,1,0,1,1,0,0,0,0,NA,Pay TV
0,1,1,0,1,0,1,1,0,0,1,1,0,0,0,1,0,0,0,0,125,Channel 10 (National)
1,1,0,0,1,1,0,1,0,1,0,1,0,0,1,0,0,0,0,0,50,ABC (National)
1,0,0,0,0,0,1,1,1,0,0,0,0,0,0,1,0,0,0,0,100,Regional programs on national channels
1,1,0,0,1,0,1,1,0,0,1,1,0,1,0,1,1,0,0,0,141.25,Channel 10 (National)
1,0,1,1,0,1,1,1,0,0,1,1,0,0,0,0,0,1,0,0,133.333333333333,Channel 9 (National)
1,1,1,1,0,0,0,0,0,0,0,1,0,0,0,0,0,1,0,0,562.5,Channel 7 (National)
0,0,0,0,0,1,0,1,0,0,0,1,0,0,1,0,0,0,0,0,66.6666666666667,Channel 9 (National)
1,0,1,1,0,1,1,1,1,0,1,1,1,0,0,0,1,0,0,0,125,Other (please specify) 
0,0,0,0,0,0,0,1,0,0,0,1,0,0,1,0,1,0,0,0,62.5,ABC (National)
1,0,0,0,0,0,0,0,1,0,0,0,0,0,0,1,0,0,0,0,33.3333333333333,Channel 10 (National)
0,0,0,1,0,0,1,0,0,0,0,1,0,0,0,0,0,1,0,0,75,Channel 9 (National)
1,1,1,1,1,1,1,1,0,1,1,1,0,0,1,1,1,0,0,0,NA,Channel 7 (National)
1,0,0,0,0,0,1,0,0,0,0,1,0,0,1,1,0,0,0,0,17.8571428571429,Pay TV
0,0,0,1,0,1,1,1,1,1,1,1,1,0,1,1,0,0,0,0,35.7142857142857,Channel 10 (National)
0,1,1,0,1,1,1,1,0,0,1,1,0,0,1,0,0,1,0,0,33.3333333333333,Channel 7 (National)
0,0,0,1,0,1,1,1,1,0,1,1,0,0,0,0,0,0,0,1,50,Channel 7 (National)
1,0,0,1,1,1,1,1,1,0,1,1,0,0,1,1,0,0,0,0,156.25,Regional programs on national channels
1,1,1,1,1,1,1,1,1,1,1,1,0,0,1,0,0,0,0,0,80,Channel 7 (National)
0,0,0,0,1,1,0,1,1,0,1,1,0,0,0,0,1,0,0,0,41.6666666666667,Pay TV
1,1,0,0,1,1,1,1,1,0,1,1,0,0,0,1,0,0,0,0,58.3333333333333,Channel 10 (National)
1,0,1,1,1,0,0,1,0,0,1,1,1,0,0,0,0,0,1,0,35.7142857142857,Channel 7 (National)
1,0,1,1,1,0,1,0,0,0,0,1,0,0,1,1,0,0,0,0,15,Channel 7 (National)
1,1,1,1,0,1,1,1,1,0,1,1,1,0,0,0,0,0,1,0,150,Channel 7 (National)
1,1,0,1,1,1,0,1,0,0,0,1,1,0,0,1,0,0,0,0,24,Channel 10 (National)
0,0,0,0,0,0,0,1,0,0,1,0,1,0,0,1,0,0,0,0,20,Channel 9 (National)
1,0,0,0,1,1,1,1,1,0,1,1,1,0,0,0,0,0,1,0,6.25,Channel 7 (National)
1,0,0,1,1,1,1,0,0,0,1,1,0,0,0,0,0,1,0,0,57.1428571428571,Pay TV
1,1,1,1,0,1,1,1,0,0,1,1,0,0,0,1,0,0,0,0,41.6666666666667,Pay TV
1,0,1,0,1,0,1,1,1,0,1,1,0,0,1,0,0,0,0,0,500,Channel 10 (National)
1,0,0,0,1,1,1,1,1,1,1,1,0,0,1,0,0,0,0,0,75,ABC (National)
0,0,0,0,0,1,0,1,0,0,1,1,0,0,0,1,0,0,0,0,60,Channel 9 (National)
1,0,0,1,0,1,1,1,1,0,1,1,0,0,0,0,0,0,1,0,10,Channel 9 (National)
1,1,0,0,1,0,0,1,0,0,0,1,0,0,0,0,0,1,0,0,120,NA
1,0,1,1,0,0,1,1,1,0,1,1,1,0,0,1,0,0,0,0,13.8888888888889,Pay TV
1,1,1,1,1,1,1,1,1,1,1,1,1,1,1,0,0,0,0,0,100,Channel 7 (National)
0,1,0,0,1,1,1,1,0,1,1,1,0,0,0,1,0,0,0,0,200,Channel 7 (National)
1,0,0,0,1,0,1,0,0,0,0,1,0,0,0,0,0,0,0,0,35.7142857142857,ABC (National)
0,0,0,0,0,1,0,1,1,0,0,1,0,0,1,1,0,0,0,0,37.5,Channel 9 (National)
1,0,0,0,1,0,0,1,1,1,1,1,0,0,0,1,0,0,0,0,66.6666666666667,ABC (National)
0,0,0,0,0,0,0,1,0,0,0,0,0,0,0,0,0,0,0,0,71.4285714285714,Channel 10 (National)
1,1,1,1,1,1,1,0,0,0,1,1,0,0,1,1,1,1,0,0,187.5,ABC (National)
0,1,0,1,1,0,1,1,1,0,0,1,0,0,0,1,0,0,0,0,50,Pay TV
1,1,1,1,1,1,1,1,1,0,1,1,0,0,1,0,0,0,0,0,83.3333333333333,Channel 9 (National)
1,1,0,1,1,1,1,1,0,0,1,1,0,0,1,0,0,0,0,0,35.7142857142857,Other (please specify) 
0,1,1,1,1,0,1,0,0,0,0,1,0,0,0,1,0,0,1,0,142.857142857143,Pay TV
1,0,0,1,0,1,1,1,1,0,1,1,0,0,0,0,1,0,0,0,50,Pay TV
1,0,1,1,0,1,1,1,1,1,1,1,0,0,0,1,1,0,0,0,50,ABC (National)
0,0,1,1,0,1,1,1,1,0,1,0,0,0,0,1,0,0,1,0,15.3846153846154,Channel 7 (National)
1,1,0,1,1,1,1,0,0,0,0,1,0,0,0,0,0,0,1,0,12.5,Channel 7 (National)
0,0,0,0,0,0,0,0,0,0,0,1,0,0,1,0,0,0,0,0,200,ABC (National)
1,1,0,0,0,1,0,1,1,0,1,1,0,0,0,1,0,0,0,0,70,Channel 10 (National)
1,0,0,1,0,1,1,1,1,0,0,1,0,0,1,0,0,0,0,0,62.5,ABC (National)
1,1,1,1,1,1,1,1,1,0,1,1,1,0,0,1,0,0,0,0,66.6666666666667,Channel 7 (National)
1,1,1,0,1,0,1,0,1,0,0,1,1,0,0,0,0,1,0,0,360,ABC (National)
0,0,0,0,0,1,1,1,1,1,1,1,0,0,0,1,0,0,0,0,12.5,Channel 7 (National)
0,0,1,0,0,0,0,0,0,0,0,0,0,0,0,0,0,0,0,1,16.6666666666667,Channel 7 (National)
1,1,1,1,0,1,1,1,1,0,0,1,0,0,1,1,0,0,0,1,5.55555555555556,Pay TV
0,0,0,0,0,1,0,1,0,1,1,1,0,0,0,1,0,1,0,0,100,Channel 9 (National)
0,1,0,0,0,1,1,1,0,0,1,1,0,0,0,1,0,1,0,0,111.111111111111,Channel 7 (National)
0,0,1,0,1,1,1,1,0,0,1,1,0,0,1,0,0,0,0,0,47.6190476190476,Channel 9 (National)
1,1,1,1,1,1,1,1,1,0,1,1,1,0,1,1,0,0,0,0,3.33333333333333,Channel 10 (National)
1,1,1,1,1,1,1,1,1,1,1,1,1,0,1,0,0,0,0,0,47.6190476190476,ABC (National)
1,0,0,0,1,1,1,1,1,0,1,1,0,0,0,0,0,0,1,0,37.5,Regional programs on national channels
1,0,1,1,1,1,0,1,1,1,0,1,0,0,0,1,0,0,0,0,71.4285714285714,Channel 9 (National)
0,1,0,1,0,0,0,1,1,1,1,0,0,0,0,1,0,0,0,0,66.6666666666667,Channel 7 (National)
0,0,1,0,1,1,0,1,1,0,1,1,0,0,1,1,0,0,0,0,28.5714285714286,Channel 7 (National)
1,0,1,0,1,0,1,1,1,1,1,1,1,0,0,1,0,0,0,0,38.3333333333333,Pay TV
1,0,1,0,0,0,0,1,0,0,1,1,0,1,0,1,0,0,0,0,7.84313725490196,Regional programs on national channels
0,0,0,0,0,1,0,1,0,0,1,1,0,0,0,1,0,0,0,0,5,Channel 7 (National)
1,0,0,0,1,1,0,1,0,0,1,1,0,0,1,0,0,0,0,0,250,ABC (National)
0,0,0,1,0,1,0,1,0,0,1,0,0,0,0,0,0,1,0,1,75,Channel 7 (National)
1,1,1,1,0,1,1,1,1,1,1,1,0,0,0,0,1,0,0,1,16.6666666666667,Channel 7 (National)
1,1,1,1,1,1,1,1,1,1,1,1,0,0,0,0,1,0,0,0,55.5555555555556,ABC (National)
1,1,1,1,1,1,1,0,0,0,1,1,0,0,0,1,0,0,0,0,125,Channel 9 (National)
1,1,1,1,0,1,1,1,0,0,1,1,1,0,1,1,0,0,0,1,10.4166666666667,Pay TV
0,0,0,1,1,0,1,1,1,0,1,1,0,0,0,1,0,0,1,0,22.5,Channel 10 (National)
0,1,0,0,0,0,0,1,0,0,1,1,1,0,0,0,0,0,0,1,125,Channel 9 (National)
1,1,1,1,1,1,1,1,1,0,1,1,1,1,1,1,0,1,0,0,60,Pay TV
1,0,0,0,0,1,0,1,0,0,1,0,0,0,0,1,0,1,0,0,50,Channel 7 (National)
1,1,1,1,1,1,1,1,1,0,1,1,0,0,0,0,0,0,1,0,75,Channel 10 (National)
1,0,0,1,1,1,0,1,0,0,0,1,0,0,0,1,0,0,0,0,50,ABC (National)
1,0,0,0,0,0,0,1,1,0,0,1,0,0,1,0,0,0,0,0,12.5,ABC (National)
1,1,1,1,1,1,1,1,1,0,1,1,0,0,1,1,1,1,0,0,66.6666666666667,Channel 10 (National)
1,1,0,0,1,1,1,1,1,0,0,1,0,0,1,0,0,0,0,0,116.666666666667,Channel 10 (National)
1,1,1,1,1,1,1,1,1,0,1,1,1,0,0,0,0,0,1,0,60,Channel 10 (National)
0,0,0,0,0,0,0,1,0,0,1,1,0,0,1,0,0,0,0,0,125,ABC (National)
1,1,1,1,1,1,1,1,0,0,1,1,0,1,0,0,0,0,1,0,16.6666666666667,Channel 9 (National)
1,1,0,1,0,1,1,1,0,0,1,1,0,0,1,0,0,0,0,0,250,Channel 7 (National)
1,0,0,1,1,1,1,1,0,0,1,1,0,0,0,0,0,0,1,0,36.6666666666667,Channel 9 (National)
1,1,1,1,1,1,1,0,1,0,0,1,1,0,1,0,0,0,0,0,100,Channel 10 (National)
1,1,0,0,0,1,1,1,1,0,0,1,0,0,0,1,1,0,0,0,2.23214285714286,Pay TV
1,0,0,0,1,1,1,1,1,1,1,1,1,0,0,0,0,0,1,0,142.857142857143,Channel 7 (National)
1,0,0,0,0,0,1,1,0,0,0,1,0,0,0,0,0,0,1,0,25,Other (please specify) 
1,1,1,1,1,1,0,1,1,0,1,1,0,0,0,0,0,0,1,0,53.3333333333333,Channel 7 (National)
1,0,1,1,1,1,0,1,0,0,1,1,0,1,0,1,0,0,1,0,66.6666666666667,Channel 7 (National)
1,0,1,0,1,0,1,1,0,0,1,1,1,1,0,1,0,0,0,0,15,Channel 10 (National)
1,1,1,1,1,1,1,1,1,1,1,1,1,0,1,0,0,0,0,0,200,Channel 10 (National)
0,0,0,0,1,0,1,1,1,0,1,1,0,0,0,0,0,0,0,0,8.33333333333333,Channel 10 (National)
1,1,0,1,1,1,0,1,0,0,0,1,0,0,1,0,0,0,0,0,40,Channel 7 (National)
0,1,0,0,1,1,1,1,1,1,1,1,0,0,0,1,0,0,0,0,40,Channel 10 (National)
0,0,0,0,0,0,0,0,0,0,0,0,0,0,1,1,0,0,0,0,25,ABC (National)
1,1,1,0,1,0,1,1,1,0,1,1,0,0,1,0,0,0,0,0,12.5,Channel 9 (National)
1,0,1,1,1,1,1,1,0,0,0,1,0,0,1,0,0,1,0,0,125,Channel 9 (National)
1,1,1,1,1,1,1,1,1,1,1,1,1,1,1,0,0,0,0,0,125,Regional programs on national channels
1,1,1,1,1,1,1,1,1,0,1,1,0,0,0,0,0,0,0,1,108.333333333333,ABC (National)
0,0,0,0,0,0,0,1,0,0,1,1,0,0,1,1,0,0,0,0,25,Regional programs on national channels
1,1,0,0,0,1,1,1,1,0,1,0,0,0,0,0,0,1,0,0,42.8571428571429,Pay TV
1,1,1,0,1,0,0,1,0,0,1,1,0,0,0,1,0,0,0,1,19.047619047619,ABC (National)
1,1,0,0,0,1,1,1,1,0,1,1,0,0,0,0,0,0,1,0,8.75,Channel 9 (National)
0,0,0,0,0,0,0,1,0,0,0,0,0,0,0,0,0,0,0,0,18.75,Channel 10 (National)
1,1,1,1,1,1,1,1,1,1,1,1,1,0,0,1,0,0,0,0,100,Regional programs on national channels
1,0,1,0,1,1,1,0,0,0,0,1,0,0,0,1,0,0,0,0,18.3333333333333,Pay TV
1,1,1,1,1,1,1,1,0,0,1,1,0,0,0,1,0,0,0,0,83.3333333333333,SBS (National)
1,0,0,0,0,1,1,1,0,0,1,1,1,0,1,1,0,0,0,0,71.4285714285714,Channel 7 (National)
1,1,1,1,0,1,1,1,1,0,1,1,1,0,1,1,0,0,0,0,216.666666666667,SBS (National)
0,0,0,0,1,0,1,1,1,1,0,1,0,0,0,1,0,0,1,0,18.75,Channel 10 (National)
0,1,0,0,1,0,1,1,0,0,1,1,0,0,0,0,1,0,0,0,55.5555555555556,Channel 10 (National)
1,1,1,0,1,1,1,1,1,0,1,1,0,0,0,0,0,0,0,1,20,Channel 10 (National)
1,1,1,1,1,1,1,1,1,0,1,1,0,0,0,1,0,0,0,0,80,Channel 7 (National)
1,1,0,0,1,1,1,1,1,0,0,1,0,0,0,0,0,0,1,0,20,Pay TV
0,0,0,0,0,1,1,1,1,1,1,1,0,0,0,1,0,0,0,0,33.3333333333333,Channel 10 (National)
1,1,1,1,1,1,1,1,1,1,1,1,1,0,0,1,0,0,0,0,41.6666666666667,ABC (National)
0,0,0,0,0,1,1,0,0,0,0,1,0,0,0,0,0,0,0,0,16.6666666666667,Pay TV
0,1,0,1,1,1,1,1,0,0,1,1,0,0,0,1,0,0,0,0,41.6666666666667,Pay TV
1,1,0,0,1,1,1,1,1,0,1,1,0,0,1,1,0,0,0,0,25.6410256410256,Channel 10 (National)
0,1,0,1,1,1,1,1,0,1,1,1,1,0,0,0,0,1,0,0,23.8095238095238,Channel 7 (National)
0,0,0,0,1,1,0,1,1,0,1,1,0,0,1,1,0,0,0,0,26.7857142857143,ABC (National)
1,1,1,1,1,1,1,1,1,1,1,1,0,0,1,1,1,0,0,0,23.8095238095238,Regional programs on national channels
1,1,0,1,1,1,1,1,1,1,1,1,1,0,0,1,0,0,1,0,57.1428571428571,Channel 9 (National)
0,0,0,1,0,1,0,1,0,0,1,1,0,0,0,0,0,0,0,0,60,Regional programs on national channels
1,0,1,1,1,0,1,1,1,0,0,1,0,0,0,1,0,0,1,0,8.33333333333333,Channel 9 (National)
0,0,0,0,1,0,1,1,1,0,0,1,0,0,1,1,0,0,0,0,30,ABC (National)
1,1,0,1,1,1,1,1,1,0,1,1,0,0,1,0,0,0,0,0,37.5,Channel 7 (National)
1,1,1,1,1,1,1,1,1,1,1,1,1,0,1,1,0,0,0,0,166.666666666667,Channel 7 (National)
1,1,0,0,0,1,1,1,1,0,0,1,1,0,1,1,0,0,0,1,62.5,Channel 10 (National)
1,0,1,1,0,1,1,0,1,0,1,1,0,0,1,0,0,1,0,0,6.12244897959184,Channel 10 (National)
0,0,0,0,1,1,0,1,0,0,0,0,1,0,0,1,0,0,0,0,150,Channel 9 (National)
0,0,0,0,0,1,0,1,1,0,1,1,0,0,0,1,0,0,0,0,8.33333333333333,Channel 9 (National)
1,0,1,1,0,1,1,1,1,0,1,1,0,0,1,0,0,0,0,1,2.5,Channel 7 (National)
0,1,0,1,0,1,0,1,1,1,1,1,0,0,0,0,0,0,0,1,2.56410256410256,Channel 10 (National)
0,0,0,0,0,0,1,1,1,0,0,1,0,0,0,0,1,0,0,0,20,Channel 10 (National)
